Settlement Main,Settlement Alt,Area (alt-map resource sheet),Sub-Area (alt-map resource sheet),Region Code Main,Region Code Alt,Official Area,Resource Sheet Area,order,Comment,Landscape,Climates,offset,Fertility,Port level,Riverport,Irrigation,Earthquakes (not used yet),complete,Hidden resources,comment,rss done,,,,Item,Hidden resource
ITALY,,,,,,,,,,,,,,,,,,,,,,,,,Hills,hills
Rome,Rome,Italy,Latium & Central Italy,Roma,Roma,Italy,Italy,1,,River Valley,Mediterranean,1,11,Shipwright,Yes,River,Yes,OK,"Farm11, river_valley, mediterranean, base_port_level_2, rivertrade, irrigation_river",,,,,,Mountain Valley,mountain_valley
Capua,Capua,Italy,Campania & Samnium,Campania,Campania,Italy,Italy,1,,Floodplains/Delta,Mediterranean,1,13,Shipwright,Yes,River,Yes,OK,"Farm13, floodplains_delta, mediterranean, base_port_level_2, rivertrade, irrigation_river",,,,,,Grassland,grassland
Arretium,Arretium,Italy,Etruria,Aritim,Aritim,Italy,Italy,1,,River Valley,Mediterranean,1,11,No port,Yes,River,Yes,OK,"Farm11, river_valley, mediterranean, rivertrade, irrigation_river",,,,,,River Valley,river_valley
Asculum,Asculum,Italy,Central East Italy,Picenum,Picenum,Italy,Italy,1,,Hills,Humid Sub-tropical,1,7,Trade Port,No,River,Yes,OK,"Farm7, hills, humid_sub_tropical, base_port_level_1, irrigation_river",,,,,,Mountains,mountains
Tarentum,Tarentum,Italy,South East Italy,Taras,Taras,Italy,Italy,1,,Grassland,Mediterranean,0,9,Dockyard,yes,River,Yes,OK,"Farm9, grassland, mediterranean, base_port_level_3, rivertrade, irrigation_river",,,,,,Desert,desert
Maleventum,Maleventum,Italy,Campania & Samnium,Samnium,Samnium,Italy,Italy,1,,Hills,Mediterranean,0,6,No port,No,River,Yes,OK,"Farm6, hills, mediterranean, irrigation_river",,,,,,Plateau,plateau
Venusia,Venusia,Italy,South East Italy,Peucetia,Apulia,Italy,Italy,1,Name Change,Grassland,Mediterranean,-1,8,Trade Port,No,Lake,No,OK,"Farm8, grassland, mediterranean, base_port_level_1, irrigation_lake",,,,,,Forest,forest
Grumentum,Grumentum,Italy,South West Italy,Lucania,Lucania,Italy,Italy,1,,Mountains,Temperate,1,6,Trade Port,No,River,Yes,OK,"Farm6, mountains, temperate, base_port_level_1, irrigation_river",,,,,,Floodplains/delta,floodplains_delta
Brundisium,Brundisium,Italy,South East Italy,Calabria,Calabria,Italy,Italy,1,,Grassland,Mediterranean,1,10,Dockyard,No,No,No,OK,"Farm10, grassland, mediterranean, base_port_level_3",,,,,,Small Islands/Rocky Coast,small_islands_and_rocky_coast
Rhegium,Rhegium,Italy,South West Italy,Rhegion,Rhegion,Italy,Italy,1,,Mountains,Mediterranean,1,6,Dockyard,No,No,Yes,OK,"Farm6, mountains, mediterranean, base_port_level_3",,,,,,Wetlands/Swamps/Marshes,wetlands
Iguvium,Iguvium,Italy,Central East Italy,Umbria,Umbria,Italy,Italy,1,,Karst Terrain,Temperate,1,5,No port,No,No,Yes,OK,"Farm5, karst_terrain, temperate",,,,,,Steppe,steppe
Sena Gallica,Sena Gallica,Italy,Central East Italy,Ager_Gallicus,Ager_Gallicus,Italy,Italy,1,,Grassland,Humid Sub-tropical,-1,8,Shipwright,Yes,River,Yes,OK,"Farm8, grassland, humid_sub_tropical, base_port_level_2, rivertrade, irrigation_river",,,,,,Karst Terrain,karst_terrain
Consentia,Consentia,Italy,South West Italy,Bruttium,Bruttium,Italy,Italy,1,,Mountain Valley,Mediterranean,-1,6,Trade Port,No,River,Yes,OK,"Farm6, mountain_valley, mediterranean, base_port_level_1, irrigation_river",,,,,,Mediterranean,mediterranean
Volaterrae,Volaterrae,Italy,Etruria,Etruria_Occidentalis,Velathri,Italy,Italy,1,Name Change,River Valley,Mediterranean,-1,9,Trade Port,No,Lake,Yes,OK,"Farm9, river_valley, mediterranean, base_port_level_1, irrigation_lake",,,,,,Continental,continental
Volsinii,Volsinii,Italy,Etruria,Velzna,Velzna,Italy,Italy,1,,Hills,Mediterranean,1,7,Shipwright,No,Lake,No,OK,"Farm7, hills, mediterranean, base_port_level_2, irrigation_lake",,,,,,Oceanic,oceanic
Corfinium,Corfinium,Italy,Latium & Central Italy,Paelignia-Marsica,Paelignia,Italy,Italy,1,Name Change,Mountains,Continental,0,4,No port,Yes,River,Yes,OK,"Farm4, mountains, continental, rivertrade, irrigation_river",,,,,,Arid,arid
Neapolis,Neapolis,Italy,Campania & Samnium,Parthenope,Parthenope,Italy,Italy,1,,Mountain Valley,Mediterranean,2,9,Dockyard,No,Springs,Yes,OK,"Farm9, mountain_valley, mediterranean, base_port_level_3, irrigation_springs",,,,,,Cold Semi-arid,cold_semi_arid
Sarsina,Sarsina,Italy,Central East Italy,Sassinia,Sassinia,Italy,Italy,1,,Forest,Temperate,-1,5,Trade Port,No,River,Yes,OK,"Farm5, forest, temperate, base_port_level_1, irrigation_river",,,,,,Hot Semi-arid,hot_semi_arid
Paestum,Paestum,Italy,South West Italy,Poseidonia,Poseidonia,Italy,Italy,1,,Mountain Valley,Mediterranean,-1,6,Shipwright,Yes,River,No,OK,"Farm6, mountain_valley, mediterranean, base_port_level_2, rivertrade, irrigation_river",,,,,,Dry Sub-tropical,dry_sub_tropical
Arpi,Arpi,Italy,South East Italy,Daunia,Daunia,Italy,Italy,1,,Grassland,Mediterranean,1,10,Trade Port,Yes,River,Yes,OK,"Farm10, grassland, mediterranean, base_port_level_1, rivertrade, irrigation_river",,,,,,Humid Sub-tropical,humid_sub_tropical
Bovianum,Bovianum,Italy,Campania & Samnium,Pentria,Pentria,Italy,Italy,1,,Hills,Temperate,0,6,No port,No,No,Yes,OK,"Farm6, hills, temperate",,,,,,Temperate,temperate
Falerii,Falerii,Italy,Latium & Central Italy,Faliscia,Faliscia,Italy,Italy,1,,Forest,Mediterranean,2,8,No port,Yes,River,Yes,OK,"Farm8, forest, mediterranean, rivertrade, irrigation_river",,,,,,Monsoon,monsoon
Larinum,Larinum,Italy,Latium & Central Italy,Frentania,Frentania,Italy,Italy,1,,Hills,Mediterranean,1,7,Trade Port,No,River,Yes,OK,"Farm7, hills, mediterranean, base_port_level_1, irrigation_river",,,,,,Alpine,alpine
Cosa,Cosa,Italy,Etruria,Etruria_Meridionalis,Cosia,Italy,Italy,1,Name Change,Hills,Mediterranean,1,7,Shipwright,No,River,No,OK,"Farm7, hills, mediterranean, base_port_level_2, irrigation_river",,,,,,Sub-artic,sub_artic
Epizephyrian Locri,Epizephyrian Locri,Italy,South West Italy,Lokroi_Epizephyrioi,Lokroi_Epizephyrioi,Italy,Italy,1,,Karst Terrain,Mediterranean,1,5,Shipwright,No,No,Yes,OK,"Farm5, karst_terrain, mediterranean, base_port_level_2",,,,,,Tropical,tropical
Teate,,,,Marrucinia-Vestinia,,Italy,Italy,1,Missing in Alt,Karst Terrain,Humid Sub-tropical,1,5,Needs Harbour,No,River,Yes,OK,"Farm5, karst_terrain, humid_sub_tropical, base_port_level_0, irrigation_river",,,,,,Riverport,rivertrade
Ankon,Ankon,Italy,Central East Italy,Ankon_Petra,Ankon_Petra,Italy,Italy,1,,Hills,Humid Sub-tropical,1,7,Dockyard,No,No,Yes,OK,"Farm7, hills, humid_sub_tropical, base_port_level_3",,,,,,Earthquakes,earthquakes
Uria,,,,Salentinia,,Italy,Italy,1,Missing in Alt,Grassland,Mediterranean,0,9,Shipwright,No,No,No,OK,"Farm9, grassland, mediterranean, base_port_level_2",,,,,,Shipwright,base_port_level_2
Pisae,Pisae,Italy,Etruria,Etruria_Septentrionalis,Arnia,Italy,Italy,1,Name Change,Wetlands/Swamps/Marshes,Mediterranean,1,7,Dockyard,Yes,River,Yes,OK,"Farm7, wetlands, mediterranean, base_port_level_3, rivertrade, irrigation_river",,,,,,Trade Port,base_port_level_1
Metapontum,Metapontum,Italy,South East Italy,Metapontion,Metapontion,Italy,Italy,1,,Grassland,Mediterranean,1,10,Shipwright,No,River,No,OK,"Farm10, grassland, mediterranean, base_port_level_2, irrigation_river",,,,,,Dockyard,base_port_level_3
Thurii,Thurii,Italy,South West Italy,Thourioi,Thourioi,Italy,Italy,1,,Mountain Valley,Mediterranean,1,8,Shipwright,Yes,River,Yes,OK,"Farm8, mountain_valley, mediterranean, base_port_level_2, rivertrade, irrigation_river",,,,,,Needs Harbour,base_port_level_0
Reate,Reate,Italy,Central East Italy,Sabinia-Aequia,Sabinia,Italy,Italy,1,Name Change,Mountain Valley,Temperate,0,7,No port,No,Lake,Yes,OK,"Farm7, mountain_valley, temperate, irrigation_lake",,,,,,River,irrigation_river
Praeneste,Praeneste,Italy,Latium & Central Italy,Latium,Latium,Italy,Italy,1,,Hills,Mediterranean,2,8,Trade Port,No,No,No,OK,"Farm8, hills, mediterranean, base_port_level_1",,,,,,Springs,irrigation_springs
Fregellae,Fregellae,Italy,Latium & Central Italy,Latium_Novum,Volscia,Italy,Italy,1,Name Change,Mountain Valley,Mediterranean,-1,6,Trade Port,Yes,River,No,OK,"Farm6, mountain_valley, mediterranean, base_port_level_1, rivertrade, irrigation_river",also famous reclaimed wetlands on the coast,,,,,Lake,irrigation_lake
Potentia,,,,Lucania_Vetus,,Italy,Italy,1,Missing in Alt,Hills,Mediterranean,0,6,No port,No,Springs,Yes,OK,"Farm6, hills, mediterranean, irrigation_springs",,,,,,Aquifer,irrigation_aquifer
Canusium,Canusium,Italy,South East Italy,Kanysion,Kanysion,Italy,Italy,1,,River Valley,Mediterranean,-1,9,Trade Port,Yes,River,No,OK,"Farm9, river_valley, mediterranean, base_port_level_1, rivertrade, irrigation_river",wheat and wool,,,,,Oasis,irrigation_oasis
Perusia,,,,Etruria_Orientalis,,Italy,Italy,1,Missing in Alt,Hills,Humid Sub-tropical,1,7,No port,Yes,River,Yes,OK,"Farm7, hills, humid_sub_tropical, rivertrade, irrigation_river",,,,,,,
Compsa,,,,Hirpinia,,Italy,Italy,1,Missing in Alt,Hills,Mediterranean,0,6,No port,No,Springs,Yes,OK,"Farm6, hills, mediterranean, irrigation_springs",,,,,,,
Camerinum,,,,Camertia-Nahartia,,Italy,Italy,1,Missing in Alt,Mountain Valley,Temperate,0,7,No port,No,River,Yes,OK,"Farm7, mountain_valley, temperate, irrigation_river",also famous reclaimed wetlands,,,,,,
Aufidena,,,,Carricinia,,Italy,Italy,1,Missing in Alt,Karst Terrain,Temperate,0,4,No port,No,River,Yes,OK,"Farm4, karst_terrain, temperate, irrigation_river",great transhumance sheep route,,,,,,
Petelia,Petelia,Italy,South West Italy,Chonia,Chonia,Italy,Italy,1,,Small Islands/Rocky Coast,Mediterranean,1,6,Trade Port,No,Springs,Yes,OK,"Farm6, small_islands_and_rocky_coast, mediterranean, base_port_level_1, irrigation_springs",,,,,,,
SICILY,,,,,,,,,,,,,,,,,,,,,,,,,,
Messana,Messana,Italy,Sicily,Mamertina,Mamertina,Sicily-Sardinia-Corsica,Sicily-Sardinia-Corsica,2,,Hills,Mediterranean,1,7,Dockyard,No,Springs,Yes,OK,"Farm7, hills, mediterranean, base_port_level_3, irrigation_springs",,,,,,,
Syracuse,Syracuse,Italy,Sicily,Trinakria,Trinakria,Sicily-Sardinia-Corsica,Sicily-Sardinia-Corsica,2,,River Valley,Mediterranean,1,11,Dockyard,Yes,River,Yes,OK,"Farm11, river_valley, mediterranean, base_port_level_3, rivertrade, irrigation_river",,,,,,,
Lilybaion,Lilybaion,Italy,Sicily,Epikrateia,Epikrateia,Sicily-Sardinia-Corsica,Sicily-Sardinia-Corsica,2,,Grassland,Mediterranean,0,9,Dockyard,No,Springs,No,OK,"Farm9, grassland, mediterranean, base_port_level_3, irrigation_springs",,,,,,,
Acragas,Acragas,Italy,Sicily,Akragas,Akragas,Sicily-Sardinia-Corsica,Sicily-Sardinia-Corsica,2,,Hills,Mediterranean,2,8,Shipwright,Yes,River,Yes,OK,"Farm8, hills, mediterranean, base_port_level_2, rivertrade, irrigation_river",,,,,,,
Panormos,Panormos,Italy,Sicily,Ziz,Ziz,Sicily-Sardinia-Corsica,Sicily-Sardinia-Corsica,2,,Mountain Valley,Mediterranean,1,8,Dockyard,Yes,River,Yes,OK,"Farm8, mountain_valley, mediterranean, base_port_level_3, rivertrade, irrigation_river",,,,,,,
Melite,,,,Maleth,,Sicily-Sardinia-Corsica,Sicily-Sardinia-Corsica,2,Missing in Alt,Small Islands/Rocky Coast,Mediterranean,1,6,Dockyard,No,No,No,OK,"Farm6, small_islands_and_rocky_coast, mediterranean, base_port_level_3",,,,,,,
Leontinoi,Leontinoi,Italy,Sicily,Xouthia,Xouthia,Sicily-Sardinia-Corsica,Sicily-Sardinia-Corsica,2,,Floodplains/Delta,Mediterranean,1,13,Trade Port,No,River,Yes,OK,"Farm13, floodplains_delta, mediterranean, base_port_level_1, irrigation_river",,,,,,,
Enna,Enna,Italy,Sicily,Sikelia,Sikelia,Sicily-Sardinia-Corsica,Sicily-Sardinia-Corsica,2,,Plateau,Mediterranean,2,7,No port,No,Lake,Yes,OK,"Farm7, plateau, mediterranean, irrigation_lake",,,,,,,
Eryx,,,,Arik,,Sicily-Sardinia-Corsica,Sicily-Sardinia-Corsica,2,Missing in Alt,Mountain Valley,Mediterranean,-1,6,Shipwright,No,River,No,OK,"Farm6, mountain_valley, mediterranean, base_port_level_2, irrigation_river",maybe sumac dye,,,,,,
Kamarina,Kamarina,Italy,Sicily,Hipparia,Hipparia,Sicily-Sardinia-Corsica,Sicily-Sardinia-Corsica,2,,River Valley,Mediterranean,0,10,Shipwright,yes,River,Yes,OK,"Farm10, river_valley, mediterranean, base_port_level_2, rivertrade, irrigation_river",,,,,,,
Tyndaris,Tyndaris,Italy,Sicily,Tyndaritis,Tyndaritis,Sicily-Sardinia-Corsica,Sicily-Sardinia-Corsica,2,,Mountains,Mediterranean,0,5,Shipwright,No,Springs,Yes,OK,"Farm5, mountains, mediterranean, base_port_level_2, irrigation_springs",,,,,,,
Tauromenion,Tauromenion,Italy,Sicily,Anatolike_Sikelia,Anatolike_Sikelia,Sicily-Sardinia-Corsica,Sicily-Sardinia-Corsica,2,,Mountains,Mediterranean,2,7,Shipwright,No,Springs,Yes,OK,"Farm7, mountains, mediterranean, base_port_level_2, irrigation_springs",,,,,,,
Segesta,Segesta,Italy,Sicily,Elymia,Elymia,Sicily-Sardinia-Corsica,Sicily-Sardinia-Corsica,2,,Hills,Mediterranean,1,7,Shipwright,Yes,No,No,OK,"Farm7, hills, mediterranean, base_port_level_2, rivertrade",,,,,,,
Herakleia Minoa,,,,Notia_Sikania,,Sicily-Sardinia-Corsica,Sicily-Sardinia-Corsica,2,Missing in Alt,Small Islands/Rocky Coast,Mediterranean,1,6,Needs Harbour,No,River,No,OK,"Farm6, small_islands_and_rocky_coast, mediterranean, base_port_level_0, irrigation_river",,,,,,,
Katane,,,,Katania,,Sicily-Sardinia-Corsica,Sicily-Sardinia-Corsica,2,Missing in Alt,River Valley,Mediterranean,2,12,Shipwright,No,Springs,Yes,OK,"Farm12, river_valley, mediterranean, base_port_level_2, irrigation_springs",,,,,,,
Myttistratum,Myttistratum,Italy,Sicily,Sikania,Sikania,Sicily-Sardinia-Corsica,Sicily-Sardinia-Corsica,2,,Plateau,Mediterranean,1,6,No port,No,Springs,Yes,OK,"Farm6, plateau, mediterranean, irrigation_springs",,,,,,,
Entella,,,,Dytike_Sikania,,Sicily-Sardinia-Corsica,Sicily-Sardinia-Corsica,2,Missing in Alt,Karst Terrain,Mediterranean,1,5,No port,No,Springs,No,OK,"Farm5, karst_terrain, mediterranean, irrigation_springs",,,,,,,
SARDINIA&CORSICA,,,,,,,,,,,,,,,,,,,,,,,,,,
Caralis,Caralis,Italy,Sardinia,Karaly,Karaly,Sicily-Sardinia-Corsica,Sicily-Sardinia-Corsica,2,,River Valley,Mediterranean,0,10,Dockyard,Yes,River,No,OK,"Farm10, river_valley, mediterranean, base_port_level_3, rivertrade, irrigation_river",,,,,,,
Aleria,Aleria,Italy,Corsica,Kyrnos,Kyrnos,Sicily-Sardinia-Corsica,Sicily-Sardinia-Corsica,2,,Hills,Mediterranean,1,7,Dockyard,Yes,River,No,OK,"Farm7, hills, mediterranean, base_port_level_3, rivertrade, irrigation_river",,,,,,,
Olbia-Sardinia,Olbia-Sardinia,Italy,Sardinia,Olbiana-Sardinia,Olbiana-Sardinia,Sicily-Sardinia-Corsica,Sicily-Sardinia-Corsica,2,,Small Islands/Rocky Coast,Mediterranean,1,6,Dockyard,No,Springs,No,OK,"Farm6, small_islands_and_rocky_coast, mediterranean, base_port_level_3, irrigation_springs",,,,,,,
,Neapolis-Sardinia,Italy,Sardinia,,Qart-Khadasht_biShardana,Sicily-Sardinia-Corsica,Sicily-Sardinia-Corsica,2,Not in Main Map,,,,,,,,,,#N/A,,,,,,,
Venicum,Venicum,Italy,Corsica,Corsica,Corsica,Sicily-Sardinia-Corsica,Sicily-Sardinia-Corsica,2,,Mountains,Temperate,-1,4,Trade Port,Yes,River,No,OK,"Farm4, mountains, temperate, base_port_level_1, rivertrade, irrigation_river",,,,,,,
Cornus,Macopsisa,Italy,Sardinia,Balaria,Balaria,Sicily-Sardinia-Corsica,Sicily-Sardinia-Corsica,2,Name Change,Hills,Mediterranean,1,7,Shipwright,No,River,No,OK,"Farm7, hills, mediterranean, base_port_level_2, irrigation_river",,,,,,,
Uselis,Uselis,Italy,Sardinia,Iliensia,Iliensia,Sicily-Sardinia-Corsica,Sicily-Sardinia-Corsica,2,,Mountains,Mediterranean,1,6,Trade Port,No,Springs,No,OK,"Farm6, mountains, mediterranean, base_port_level_1, irrigation_springs",,,,,,,
Sulci,Sulci,Italy,Sardinia,Sulky,Sulky,Sicily-Sardinia-Corsica,Sicily-Sardinia-Corsica,2,,Mountain Valley,Mediterranean,2,9,Dockyard,No,River,No,OK,"Farm9, mountain_valley, mediterranean, base_port_level_3, irrigation_river",,,,,,,
Pluvium,,,,Corsicosardinia,,Sicily-Sardinia-Corsica,Sicily-Sardinia-Corsica,2,Missing in Alt,Small Islands/Rocky Coast,Mediterranean,0,5,Trade Port,No,No,No,OK,"Farm5, small_islands_and_rocky_coast, mediterranean, base_port_level_1",,,,,,,
AFRICA,,,,,,,,,,,,,,,,,,,,,,,,,,
Carthage,Carthage,North Africa,Carthaginian coast,Qart-Khadasht,Qart-Khadasht,North Africa,North Africa,3,,Floodplains/Delta,Mediterranean,0,12,Dockyard,Yes,River,No,OK,"Farm12, floodplains_delta, mediterranean, base_port_level_3, rivertrade, irrigation_river",,,,,,,
Hadrumetum,Hadrumetum,North Africa,Carthaginian coast,Adrumet,Adrumet,North Africa,North Africa,3,,Grassland,Hot Semi-arid,2,11,Dockyard,No,River,No,OK,"Farm11, grassland, hot_semi_arid, base_port_level_3, irrigation_river",,,,,,,
Gira,Gira,North Africa,Sahara,Giria,Gir,North Africa,North Africa,3,Name Change,Plateau,Arid,1,3,No port,No,Aquifer,No,OK,"Farm3, plateau, arid, irrigation_aquifer",,,,,,,
Leptis,Leptis,North Africa,Syrtis,Lepqi_Adir,Lepqi_Adir,North Africa,North Africa,3,,Grassland,Mediterranean,0,9,Dockyard,No,River,Yes,OK,"Farm9, grassland, mediterranean, base_port_level_3, irrigation_river",fruit,,,,,,
Garama,Garama,North Africa,Garamantia,Garamantia,Garamantia,North Africa,North Africa,3,,Desert,Arid,2,3,No port,No,Aquifer,No,OK,"Farm3, desert, arid, irrigation_aquifer",,,,,,,
Hippo,Hippo,North Africa,Carthaginian coast,Xupon,Xupon,North Africa,North Africa,3,,Mountain Valley,Mediterranean,2,9,Shipwright,No,River,No,OK,"Farm9, mountain_valley, mediterranean, base_port_level_2, irrigation_river",,,,,,,
Cirta,Cirta,North Africa,Numidia,Kirthan,Kirtan,North Africa,North Africa,3,Name Change,Plateau,Cold Semi-arid,1,6,No port,No,River,Yes,OK,"Farm6, plateau, cold_semi_arid, irrigation_river",,,,,,,
Hekatompylos-Numidia,Theveste,North Africa,Numidia,Massylia_Occidentalis,Hekatompyle,North Africa,North Africa,3,Name Change,Plateau,Cold Semi-arid,1,5,No port,No,No,Yes,OK,"Farm5, plateau, cold_semi_arid",,,,,,,
Capsa,Capsa,North Africa,Syrtis,Maxya-Ausea,Auseia,North Africa,North Africa,3,Name Change,Hills,Arid,0,5,No port,No,Oasis,No,OK,"Farm5, hills, arid, irrigation_oasis",,,,,,,
Iol,Iol,North Africa,Masaesylia,Ay-Khol,Ay-Khol,North Africa,North Africa,3,,Hills,Mediterranean,1,7,Dockyard,No,River,Yes,OK,"Farm7, hills, mediterranean, base_port_level_3, irrigation_river",,,,,,,
Siga,Siga,North Africa,Masaesylia,Shigan,Shigan,North Africa,North Africa,3,,Hills,Mediterranean,2,8,Trade Port,No,River,No,OK,"Farm8, hills, mediterranean, base_port_level_1, irrigation_river",,,,,,,
Volubilis,Volubilis,North Africa,Mauretania,Mauretania,Mauretania,North Africa,North Africa,3,,Hills,Mediterranean,2,8,No port,Yes,River,No,OK,"Farm8, hills, mediterranean, rivertrade, irrigation_river",,,,,,,
Tingi,Tingi,North Africa,Mauretania,Ting,Ting,North Africa,North Africa,3,,Hills,Mediterranean,1,7,Dockyard,No,River,Yes,OK,"Farm7, hills, mediterranean, base_port_level_3, irrigation_river",,,,,,,
Utica,Utica,North Africa,Carthaginian coast,Xatiq,Xatiq,North Africa,North Africa,3,,River Valley,Mediterranean,0,10,Dockyard,Yes,River,Yes,OK,"Farm10, river_valley, mediterranean, base_port_level_3, rivertrade, irrigation_river",,,,,,,
,Tacape,North Africa,Syrtis,,Takapes,North Africa,North Africa,3,Not in Main Map,,,,,,,,,,#N/A,,,,,,,
Cidamus,Cidamus,North Africa,Garamantia,Phazania,Phazania,North Africa,North Africa,3,,Desert,Arid,0,1,No port,No,Aquifer,Yes,OK,"Farm1, desert, arid, irrigation_aquifer",,,,,,,
Auzea,Auzia,North Africa,Masaesylia,Masaesylia_Septentrionalis,Auzica,North Africa,North Africa,3,Name Change,Mountains,Cold Semi-arid,1,5,No port,No,No,No,OK,"Farm5, mountains, cold_semi_arid",,,,,,,
Bulla,Bulla,North Africa,Numidia,Bebaxal,Bebaxal,North Africa,North Africa,3,,Mountain Valley,Mediterranean,1,8,No port,No,River,No,OK,"Farm8, mountain_valley, mediterranean, irrigation_river",,,,,,,
,Madauros,North Africa,Numidia,,Aurasia,North Africa,North Africa,3,Not in Main Map,,,,,,,,,,#N/A,,,,,,,
Lixus,Lixus,North Africa,Mauretania,Liksho,Liksho,North Africa,North Africa,3,,Grassland,Mediterranean,0,9,Shipwright,No,River,No,OK,"Farm9, grassland, mediterranean, base_port_level_2, irrigation_river",,,,,,,
Clupea,Clupea,North Africa,Carthaginian coast,Aspis,Aspis,North Africa,North Africa,3,,Grassland,Mediterranean,1,10,Shipwright,No,No,No,OK,"Farm10, grassland, mediterranean, base_port_level_2","fruit, olives, grain",,,,,,
Oea,Oea,North Africa,Syrtis,Woyxat,Woyxat,North Africa,North Africa,3,,Grassland,Mediterranean,-2,7,Shipwright,No,Oasis,Yes,OK,"Farm7, grassland, mediterranean, base_port_level_2, irrigation_oasis","dates, olives",,,,,,
Sabrata,,,,Zabrutuxun,,North Africa,North Africa,3,Missing in Alt,Steppe,Hot Semi-arid,1,5,Shipwright,No,No,Yes,OK,"Farm5, steppe, hot_semi_arid, base_port_level_2","calcarenite stone, fish",,,,,,
,Thala,North Africa,Numidia,,Musulamia,North Africa,North Africa,3,Not in Main Map,,,,,,,,,,#N/A,,,,,,,
Rusadir,Rusadir,North Africa,Mauretania,Rush_Adir,Rush_Adir,North Africa,North Africa,3,,Small Islands/Rocky Coast,Hot Semi-arid,1,6,Shipwright,No,River,Yes,OK,"Farm6, small_islands_and_rocky_coast, hot_semi_arid, base_port_level_2, irrigation_river",,,,,,,
,Macomades,North Africa,Numidia,,Maqoma,North Africa,North Africa,3,Not in Main Map,,,,,,,,,,#N/A,,,,,,,
Thugga,Thugga,North Africa,Numidia,Tobgaxag,Tobgaxag,North Africa,North Africa,3,,River Valley,Mediterranean,-2,8,No port,No,River,No,OK,"Farm8, river_valley, mediterranean, irrigation_river",,,,,,,
Miglis,Miglis Gemella,North Africa,Masaesylia,Gaetulia_Septentrionalis,Niteria,North Africa,North Africa,3,Name Change,Desert,Arid,0,3,No port,No,Oasis,No,OK,"Farm3, desert, arid, irrigation_oasis",dates and sheep,,,,,,
Turris Tamalleni,Turris Tamalleni,North Africa,Syrtis,Machlya,Machlyesia,North Africa,North Africa,3,Name Change,Desert,Arid,1,4,No port,No,Oasis,No,OK,"Farm4, desert, arid, irrigation_oasis","dates, salt and olives",,,,,,
,Cartenna,North Africa,Masaesylia,,Qart,North Africa,North Africa,3,Not in Main Map,,,,,,,,,,#N/A,,,,,,,
Saldae,Saldae,North Africa,Masaesylia,Salda,Salda,North Africa,North Africa,3,,Mountain Valley,Mediterranean,0,7,Shipwright,No,River,No,OK,"Farm7, mountain_valley, mediterranean, base_port_level_2, irrigation_river",,,,,,,
,Tingartia,North Africa,Masaesylia,,Numidia_Occidentalis,North Africa,North Africa,3,Not in Main Map,,,,,,,,,,#N/A,,,,,,,
,Vala,North Africa,Mauretania,,Daratite_Gaetulia,North Africa,North Africa,3,Not in Main Map,,,,,,,,,,#N/A,,,,,,,
Castrum Gaetulorum,,,,Gaetulia,,North Africa,North Africa,3,Missing in Alt,Desert,Arid,1,2,No port,No,No,No,OK,"Farm2, desert, arid","oasis for watering animals not cultivation, qanats here are medieval, many horses",,,,,,
Molochath,Molochath,North Africa,Mauretania,Mauretania_Orientalis,Mauretania_Orientalis,North Africa,North Africa,3,,Karst Terrain,Hot Semi-arid,0,4,No port,No,River,Yes,OK,"Farm4, karst_terrain, hot_semi_arid, irrigation_river",,,,,,,
Nigira Metropolis,Nigira Metropolis,North Africa,Sahara,Nigiria_Septentrionalis,Nigritia_Regia,North Africa,North Africa,3,Name Change,Floodplains/Delta,Arid,-2,9,No port,Yes,River,No,OK,"Farm9, floodplains_delta, arid, rivertrade, irrigation_river",,,,,,,
Cuphe,,,,Nigiria_Occidentalis,,North Africa,North Africa,3,Missing in Alt,Desert,Arid,2,5,No port,Yes,River,No,OK,"Farm5, desert, arid, rivertrade, irrigation_river",,,,,,,
Thamondacana,,,,Nigiria_Meridionalis,,North Africa,North Africa,3,Missing in Alt,Wetlands/Swamps/Marshes,Hot Semi-arid,2,6,No port,Yes,River,No,OK,"Farm6, wetlands, hot_semi_arid, rivertrade, irrigation_river","iron in dogon plateau, fish, livestock, grain",,,,,,
Vellegeia,,,,Nigiria_Orientalis,,North Africa,North Africa,3,Missing in Alt,Steppe,Hot Semi-arid,0,6,No port,Yes,River,No,OK,"Farm6, steppe, hot_semi_arid, rivertrade, irrigation_river",fish,,,,,,
Meninx,Meninx,North Africa,Syrtis,Bracheion,Bracheion,North Africa,North Africa,3,,Small Islands/Rocky Coast,Dry Sub-tropical,2,6,Shipwright,No,No,No,OK,"Farm6, small_islands_and_rocky_coast, dry_sub_tropical, base_port_level_2",,,,,,,
Tunes,Tunes,North Africa,Carthaginian coast,Tunesia,Tunesia,North Africa,North Africa,3,,Grassland,Mediterranean,0,9,Needs Harbour,Yes,Lake,No,OK,"Farm9, grassland, mediterranean, base_port_level_0, rivertrade, irrigation_lake",,,,,,,
Mactaris,,,,Mactarxim,,North Africa,North Africa,3,Missing in Alt,Hills,Cold Semi-arid,0,5,No port,No,No,Yes,OK,"Farm5, hills, cold_semi_arid",,,,,,,
Vaga,Vaga,North Africa,Numidia,Vagensia,Midenoea,North Africa,North Africa,3,Name Change,River Valley,Mediterranean,0,10,No port,No,River,No,OK,"Farm10, river_valley, mediterranean, irrigation_river",,,,,,,
Castrum Nicivorum,,,,Nicivia-Suburburia,,North Africa,North Africa,3,Missing in Alt,Steppe,Hot Semi-arid,-1,5,No port,No,Oasis,No,OK,"Farm5, steppe, hot_semi_arid, irrigation_oasis",,,,,,,
Suthul,Suthul,North Africa,Numidia,Ubusia,Malaka_Xatiqot,North Africa,North Africa,3,Name Change,Mountain Valley,Mediterranean,0,7,No port,No,River,No,OK,"Farm7, mountain_valley, mediterranean, irrigation_river",,,,,,,
Hippo Diarrhytus,Hippo Diarrhytus,North Africa,Carthaginian coast,Xupon_Zaxyir,Xupon_Zaxyir,North Africa,North Africa,3,,Hills,Mediterranean,2,8,Shipwright,No,River,No,OK,"Farm8, hills, mediterranean, base_port_level_2, irrigation_river",,,,,,,
,Zuchis,North Africa,Syrtis,,Zouchis,North Africa,North Africa,3,Not in Main Map,,,,,,,,,,#N/A,,,,,,,
Gigthis,,,,Epichos,,North Africa,North Africa,3,Missing in Alt,Steppe,Hot Semi-arid,0,6,Needs Harbour,No,River,No,OK,"Farm6, steppe, hot_semi_arid, base_port_level_0, irrigation_river",olives and dates,,,,,,
Euphranta,Euphranta,North Africa,Syrtis,Syrtis,Syrtis,North Africa,North Africa,3,,Desert,Hot Semi-arid,0,4,Needs Harbour,No,Springs,No,OK,"Farm4, desert, hot_semi_arid, base_port_level_0, irrigation_springs",,,,,,,
Zama,Zama,North Africa,Numidia,Zama_Meizon,Zama_Meizon,North Africa,North Africa,3,,Plateau,Cold Semi-arid,2,7,No port,No,River,No,OK,"Farm7, plateau, cold_semi_arid, irrigation_river",,,,,,,
Karchedonike Neapolis,,,,Qart-Khadasht_Zaxyir,,North Africa,North Africa,3,Missing in Alt,Grassland,Mediterranean,2,11,Trade Port,No,No,Yes,OK,"Farm11, grassland, mediterranean, base_port_level_1","garum, olives, wine",,,,,,
Icosium,Icosium,North Africa,Masaesylia,Ikosim,Ikosim,North Africa,North Africa,3,,Grassland,Mediterranean,1,10,Shipwright,No,River,Yes,OK,"Farm10, grassland, mediterranean, base_port_level_2, irrigation_river",,,,,,,
Sala,Sala,North Africa,Mauretania,Shaxalat,Shaxalat,North Africa,North Africa,3,,Grassland,Mediterranean,1,10,Shipwright,Yes,River,Yes,OK,"Farm10, grassland, mediterranean, base_port_level_2, rivertrade, irrigation_river",,,,,,,
Sicca,Sicca,North Africa,Numidia,Massylia_Septentrionalis,Chellensesia,North Africa,North Africa,3,Name Change,Plateau,Cold Semi-arid,2,7,No port,No,River,No,OK,"Farm7, plateau, cold_semi_arid, irrigation_river",,,,,,,
,Banasa,North Africa,Mauretania,,Baniuria,North Africa,North Africa,3,Not in Main Map,,,,,,,,,,#N/A,,,,,,,
Thapsus,Thapsus,North Africa,Carthaginian coast,Thapsos,Thapsos,North Africa,North Africa,3,,Steppe,Hot Semi-arid,2,8,Trade Port,No,River,No,OK,"Farm8, steppe, hot_semi_arid, base_port_level_1, irrigation_river",,,,,,,
Leptis Minor,Leptis Minor,North Africa,Carthaginian coast,Lepqi_Zaxyirt,Lepqi_Zaxyirt,North Africa,North Africa,3,,Grassland,Hot Semi-arid,0,9,Trade Port,No,River,No,OK,"Farm9, grassland, hot_semi_arid, base_port_level_1, irrigation_river",,,,,,,
Rusicade,Rusicade,North Africa,Carthaginian coast,Rushikade,Rushikade,North Africa,North Africa,3,,Mountains,Mediterranean,1,6,Trade Port,No,River,No,OK,"Farm6, mountains, mediterranean, base_port_level_1, irrigation_river",timber,,,,,,
,Thabraca,North Africa,Carthaginian coast,,Tabarakaxan,North Africa,North Africa,3,Not in Main Map,,,,,,,,,,#N/A,,,,,,,
,Benta,North Africa,Mauretania,,Nectiberia,North Africa,North Africa,3,Not in Main Map,,,,,,,,,,#N/A,,,,,,,
Althiburos,Althiburos,North Africa,Numidia,Altiburosh,Altiburosh,North Africa,North Africa,3,,Mountain Valley,Cold Semi-arid,0,6,No port,No,No,Yes,OK,"Farm6, mountain_valley, cold_semi_arid",,,,,,,
Tipasa,,,,Thipaxatan,,North Africa,North Africa,3,Missing in Alt,Mountains,Mediterranean,0,5,No port,No,River,Yes,OK,"Farm5, mountains, mediterranean, irrigation_river",,,,,,,
,Altava,North Africa,Masaesylia,,Tolotaia,North Africa,North Africa,3,Not in Main Map,,,,,,,,,,#N/A,,,,,,,
Castrum Macaeorum,,,,Macaea,,North Africa,North Africa,3,Missing in Alt,Desert,Hot Semi-arid,-1,1,No port,No,No,Yes,OK,"Farm1, desert, hot_semi_arid","rain capture, houses of salt",,,,,,
Tamuda,,,,Mauretania_Septentrionalis,,North Africa,North Africa,3,Missing in Alt,Mountain Valley,Mediterranean,0,7,Shipwright,No,River,Yes,OK,"Farm7, mountain_valley, mediterranean, base_port_level_2, irrigation_river",whaling!,,,,,,
Macomades Minores,,,,Maqoma_Zaxyir,,North Africa,North Africa,3,Missing in Alt,Steppe,Hot Semi-arid,0,6,Trade Port,No,River,No,OK,"Farm6, steppe, hot_semi_arid, base_port_level_1, irrigation_river",fish and olives,,,,,,
Tabudium,Tabudium,North Africa,Masaesylia,Musulamia,Tabudia,North Africa,North Africa,3,Name Change,Desert,Arid,2,5,No port,No,Oasis,No,OK,"Farm5, desert, arid, irrigation_oasis",,,,,,,
Thala,Nicivibus,North Africa,Masaesylia,Massylia_Meridionalis,Nicivesia,North Africa,North Africa,3,Name Change,Plateau,Cold Semi-arid,1,6,No port,No,Oasis,No,OK,"Farm6, plateau, cold_semi_arid, irrigation_oasis",sufetula olives,,,,,,
Castrum Psyllorum,,,,Psyllia,,North Africa,North Africa,3,Missing in Alt,Desert,Arid,0,3,No port,No,Oasis,Yes,OK,"Farm3, desert, arid, irrigation_oasis",dates and salt,,,,,,
Castrum Atarantorum,,,,Atarantia-Gindania,,North Africa,North Africa,3,Missing in Alt,Desert,Arid,1,2,No port,No,No,No,OK,"Farm2, desert, arid",,,,,,,
Zygantis,,,,Zygantia-Zauecia,,North Africa,North Africa,3,Missing in Alt,Desert,Arid,-1,2,No port,No,Oasis,No,OK,"Farm2, desert, arid, irrigation_oasis",sulphur,,,,,,
Bedirum,,,,Garamantia_Occidentalis,,North Africa,North Africa,3,Missing in Alt,Desert,Arid,2,3,No port,No,Aquifer,No,OK,"Farm3, desert, arid, irrigation_aquifer",,,,,,,
Sabae,Sabae,North Africa,Garamantia,Garamantia_Orientalis,Garamantia_Orientalis,North Africa,North Africa,3,,Desert,Arid,1,2,No port,No,Aquifer,Yes,OK,"Farm2, desert, arid, irrigation_aquifer",,,,,,,
Castrum Suburporium,,,,Suburporia,,North Africa,North Africa,3,Missing in Alt,Desert,Arid,-1,2,No port,No,Oasis,No,OK,"Farm2, desert, arid, irrigation_oasis","iron in termit massif, copper air massif",,,,,,
Rutubis,Rusibis,North Africa,Mauretania,Mauretania_Meridionalis,Autololia,North Africa,North Africa,3,Name Change,Grassland,Hot Semi-arid,-1,8,Trade Port,Yes,River,Yes,OK,"Farm8, grassland, hot_semi_arid, base_port_level_1, rivertrade, irrigation_river",,,,,,,
Thalubath,,,,Melanogaetulia,,North Africa,North Africa,3,Missing in Alt,Desert,Arid,1,2,No port,No,Aquifer,No,OK,"Farm2, desert, arid, irrigation_aquifer","good dates, foggaras possibly later era",,,,,,
Castrum Autololum,,,,Autololia,,North Africa,North Africa,3,Missing in Alt,Mountain Valley,Cold Semi-arid,-1,6,Trade Port,No,River,No,OK,"Farm6, mountain_valley, cold_semi_arid, base_port_level_1, irrigation_river",more pastoralist?,,,,,,
Castrum Pharusiorum,,,,Pharusia,,North Africa,North Africa,3,Missing in Alt,Desert,Arid,1,4,No port,No,River,No,OK,"Farm4, desert, arid, irrigation_river",draa river,,,,,,
Castrum Perorsorum,,,,Perorsia-Dararitaea,,North Africa,North Africa,3,Missing in Alt,River Valley,Arid,-2,7,No port,No,River,No,OK,"Farm7, river_valley, arid, irrigation_river","draa river, dates",,,,,,
Castrum Dararum,,,,Daraea,,North Africa,North Africa,3,Missing in Alt,Mountain Valley,Arid,-1,3,No port,No,Aquifer,No,OK,"Farm3, mountain_valley, arid, irrigation_aquifer",,,,,,,
Castrum Baniurarum,,,,Baniuraea,,North Africa,North Africa,3,Missing in Alt,Plateau,Hot Semi-arid,-1,4,No port,No,River,No,OK,"Farm4, plateau, hot_semi_arid, irrigation_river",apples,,,,,,
IBERIA,,,,,,,,,,,,,,,,,,,,,,,,,,
Ebusus,Ebusus,Iberia,Hispano-Punic World,Ay-Bushum,Ay-Bushum,Iberia,Iberia,4,,Small Islands/Rocky Coast,Cold Semi-arid,2,6,Shipwright,No,No,No,OK,"Farm6, small_islands_and_rocky_coast, cold_semi_arid, base_port_level_2",,,,,,,
Mastia,Mastia,Iberia,Hispano-Punic World,Mastienia,Mastienia,Iberia,Iberia,4,,Hills,Hot Semi-arid,0,6,Dockyard,No,River,No,OK,"Farm6, hills, hot_semi_arid, base_port_level_3, irrigation_river",,,,,,,
Arse,Arse,Iberia,Southeast,Saguntia,Saguntia,Iberia,Iberia,4,,Floodplains/Delta,Cold Semi-arid,-2,10,Trade Port,Yes,River,No,OK,"Farm10, floodplains_delta, cold_semi_arid, base_port_level_1, rivertrade, irrigation_river",,,,,,,
Emporion,Emporion,Iberia,Northeast and Ebro River,Emporitia,Emporitia,Iberia,Iberia,4,,Wetlands/Swamps/Marshes,Mediterranean,1,7,Shipwright,No,River,No,OK,"Farm7, wetlands, mediterranean, base_port_level_2, irrigation_river",,,,,,,
Bolskan,Bolskan,Iberia,Northeast and Ebro River,Suessetania,Suessetania,Iberia,Iberia,4,,Grassland,Oceanic,-2,7,No port,Yes,River,No,OK,"Farm7, grassland, oceanic, rivertrade, irrigation_river",,,,,,,
Numantia,Numantia,Iberia,Celtiberia,Arevacia,Arevacia,Iberia,Iberia,4,,Plateau,Oceanic,1,6,No port,Yes,River,No,OK,"Farm6, plateau, oceanic, rivertrade, irrigation_river",,,,,,,
Aracillum,Aracillum,Iberia,Asturian-Cantabrian World,Cantabria,Plentuisia,Iberia,Iberia,4,Name Change,Forest,Oceanic,-1,5,Shipwright,No,No,No,OK,"Farm5, forest, oceanic, base_port_level_2",,,,,,,
,Portus Artabrorum,Iberia,Atlantic Coast-Gallaecia,,Artabria,Iberia,Iberia,4,Not in Main Map,,,,,,,,,,#N/A,,,,,,,
Olisipo,Olisipo,Iberia,Atlantic Coast-Gallaecia,Tagia,Tagia,Iberia,Iberia,4,,Hills,Mediterranean,1,7,Dockyard,Yes,River,No,OK,"Farm7, hills, mediterranean, base_port_level_3, rivertrade, irrigation_river",,,,,,,
Toletum,Toletum,Iberia,Carpetania-Olcadia,Carpetania,Carpetania,Iberia,Iberia,4,,Plateau,Cold Semi-arid,0,5,No port,No,River,No,OK,"Farm5, plateau, cold_semi_arid, irrigation_river",,,,,,,
Ilipa,Ilipa,Iberia,Turdetania,Turdetania,Turdetania,Iberia,Iberia,4,,Hills,Mediterranean,2,8,No port,Yes,River,no,OK,"Farm8, hills, mediterranean, rivertrade, irrigation_river",,,,,,,
Gades,Gades,Iberia,Hispano-Punic World,Agadir,Agadir,Iberia,Iberia,4,,Grassland,Mediterranean,1,10,Dockyard,No,River,No,OK,"Farm10, grassland, mediterranean, base_port_level_3, irrigation_river",,,,,,,
Conistorgis,Conistorgis,Iberia,Atlantic Coast-Gallaecia,Conia,Conia,Iberia,Iberia,4,,Hills,Mediterranean,-1,5,No port,No,No,Yes,OK,"Farm5, hills, mediterranean",,,,,,,
Hermandica,Hermandica,Iberia,Vaccea-Vettonia,Helmantike,Helmantike,Iberia,Iberia,4,,Plateau,Cold Semi-arid,1,6,No port,No,River,No,OK,"Farm6, plateau, cold_semi_arid, irrigation_river",,,,,,,
Pallantia,Pallantia,Iberia,Vaccea-Vettonia,Vaccaea,Vaccaea,Iberia,Iberia,4,,Grassland,Cold Semi-arid,0,9,No port,No,River,No,OK,"Farm9, grassland, cold_semi_arid, irrigation_river",,,,,,,
Malaca,Malaca,Iberia,Hispano-Punic World,Malaka,Bastulia,Iberia,Iberia,4,Name Change,Mountain Valley,Mediterranean,0,7,Shipwright,No,River,Yes,OK,"Farm7, mountain_valley, mediterranean, base_port_level_2, irrigation_river",,,,,,,
Iulipa,Arsa,Iberia,Baeturia,Turdulia,Baeturia_Turdulorum,Iberia,Iberia,4,Name Change,Plateau,Mediterranean,1,6,No port,No,River,no,OK,"Farm6, plateau, mediterranean, irrigation_river",,,,,,,
Kelin,Kelin,Iberia,Southeast,Edetania_Occidentalis,Kelinia,Iberia,Iberia,4,Name Change,Karst Terrain,Cold Semi-arid,1,5,No port,No,River,No,OK,"Farm5, karst_terrain, cold_semi_arid, irrigation_river",,,,,,,
Mirobriga,Mirobriga,Iberia,Vaccea-Vettonia,Vettonia,Vettonia_Occidentalis,Iberia,Iberia,4,Name Change,Hills,Mediterranean,0,6,No port,No,River,No,OK,"Farm6, hills, mediterranean, irrigation_river",,,,,,,
Ercavica,Ercavica,Iberia,Celtiberia,Ergavicia,Ercavicia,Iberia,Iberia,4,Name Change,Plateau,Mediterranean,0,5,No port,No,River,No,OK,"Farm5, plateau, mediterranean, irrigation_river","famous for honey, sheep",,,,,,
Conimbriga,Conimbriga,Iberia,Atlantic Coast-Gallaecia,Turdulorum_Oppida,Turdulorum_Oppida,Iberia,Iberia,4,,Forest,Mediterranean,0,6,Trade Port,Yes,River,No,OK,"Farm6, forest, mediterranean, base_port_level_1, rivertrade, irrigation_river","salt near aveido, fish and timber",,,,,,
Tude,Tude,Iberia,Atlantic Coast-Gallaecia,Bracarensia_Septentrionalis,Grovia,Iberia,Iberia,4,Name Change,Hills,Oceanic,0,6,Trade Port,Yes,River,No,OK,"Farm6, hills, oceanic, base_port_level_1, rivertrade, irrigation_river",,,,,,,
Hibera,Hibera,Iberia,Northeast and Ebro River,Ilercavonia,Ilercavonia,Iberia,Iberia,4,,Mountain Valley,Dry Sub-tropical,2,9,Needs Harbour,Yes,River,No,OK,"Farm9, mountain_valley, dry_sub_tropical, base_port_level_0, rivertrade, irrigation_river",,,,,,,
Pompelo,Pompelo,Iberia,Northeast and Ebro River,Vasconia,Vasconia,Iberia,Iberia,4,,Hills,Oceanic,-1,5,Trade Port,No,No,No,OK,"Farm5, hills, oceanic, base_port_level_1",,,,,,,
Noega,Noega,Iberia,Asturian-Cantabrian World,Asturia_Septentrionalis,Luggonesia,Iberia,Iberia,4,Name Change,Forest,Oceanic,-1,5,Trade Port,No,River,No,OK,"Farm5, forest, oceanic, base_port_level_1, irrigation_river",,,,,,,
Turba,Turba,Iberia,Celtiberia,Turboletia,Turboletia,Iberia,Iberia,4,,Karst Terrain,Temperate,0,4,No port,No,River,No,OK,"Farm4, karst_terrain, temperate, irrigation_river",,,,,,,
Libisosa,Libisosa,Iberia,Southeast,Oretania_Orientalis,Oretania_Orientalis,Iberia,Iberia,4,,Forest,Cold Semi-arid,-1,5,No port,No,River,No,OK,"Farm5, forest, cold_semi_arid, irrigation_river",,,,,,,
Oxthracae,Oxthracae,Iberia,Lusitanian-Celtici Inland,Lusitania,Lusitania,Iberia,Iberia,4,,Hills,Mediterranean,1,7,No port,No,River,No,OK,"Farm7, hills, mediterranean, irrigation_river",,,,,,,
Basti,Basti,Iberia,Southeast,Bastetania,Bastetania,Iberia,Iberia,4,,Mountain Valley,Cold Semi-arid,-1,6,No port,No,River,Yes,OK,"Farm6, mountain_valley, cold_semi_arid, irrigation_river",,,,,,,
Moron,Moron,Iberia,Atlantic Coast-Gallaecia,Elbocoria,Elbocoria,Iberia,Iberia,4,,River Valley,Mediterranean,-1,9,Trade Port,Yes,River,No,OK,"Farm9, river_valley, mediterranean, base_port_level_1, rivertrade, irrigation_river",,,,,,,
Castulo,Castulo,Iberia,Southeast,Oretania_Meridionalis,Oretania,Iberia,Iberia,4,Name Change,River Valley,Cold Semi-arid,-1,9,No port,Yes,River,No,OK,"Farm9, river_valley, cold_semi_arid, rivertrade, irrigation_river",,,,,,,
Cissa,Cissa,Iberia,Northeast and Ebro River,Cessetania,Cessetania,Iberia,Iberia,4,,Hills,Dry Sub-tropical,1,7,Shipwright,No,River,No,OK,"Farm7, hills, dry_sub_tropical, base_port_level_2, irrigation_river",,,,,,,
Oretum,Oretum,Iberia,Southeast,Oretania,Oretania_Septentrionalis,Iberia,Iberia,4,Name Change,Plateau,Cold Semi-arid,1,6,No port,No,River,No,OK,"Farm6, plateau, cold_semi_arid, irrigation_river",,,,,,,
Saetabis,Saitis,Iberia,Southeast,Contestania,Contestania,Iberia,Iberia,4,Name Change?,Hills,Cold Semi-arid,1,7,Needs Harbour,No,River,No,OK,"Farm7, hills, cold_semi_arid, base_port_level_0, irrigation_river",Check name,,,,,,
Corduba,Corduba,Iberia,Turdetania,Cordubensis,Cordubensis,Iberia,Iberia,4,,River Valley,Mediterranean,1,11,No port,Yes,River,no,OK,"Farm11, river_valley, mediterranean, rivertrade, irrigation_river",,,,,,,
Bracarium,Bracarium,Iberia,Atlantic Coast-Gallaecia,Bracarensia,Bracarensia,Iberia,Iberia,4,,Mountain Valley,Oceanic,0,7,Shipwright,Yes,River,No,OK,"Farm7, mountain_valley, oceanic, base_port_level_2, rivertrade, irrigation_river",,,,,,,
Myrtilis,Myrtilis,Iberia,Lusitanian-Celtici Inland,Conia_Orientalis,Celticia_Meridionalis,Iberia,Iberia,4,Name Change,Hills,Mediterranean,1,7,Shipwright,Yes,River,No,OK,"Farm7, hills, mediterranean, base_port_level_2, rivertrade, irrigation_river",not truely heavily forested,,,,,,
Ilerda,Ilerda,Iberia,Northeast and Ebro River,Ilergetia,Ilergetia_Meridionalis,Iberia,Iberia,4,Name Change,Mountain Valley,Cold Semi-arid,2,9,No port,Yes,River,No,OK,"Farm9, mountain_valley, cold_semi_arid, rivertrade, irrigation_river",now includes more pyrenees,,,,,,
Edeta,Edeta,Iberia,Southeast,Edetania,Edetania,Iberia,Iberia,4,,Mountain Valley,Cold Semi-arid,0,7,No port,No,River,No,OK,"Farm7, mountain_valley, cold_semi_arid, irrigation_river",,,,,,,
Ebora,Ebora,Iberia,Lusitanian-Celtici Inland,Celticia,Celticia,Iberia,Iberia,4,,Grassland,Mediterranean,-2,7,No port,Yes,River,No,OK,"Farm7, grassland, mediterranean, rivertrade, irrigation_river",,,,,,,
Segeda,Segeda,Iberia,Celtiberia,Bellia,Bellia,Iberia,Iberia,4,,Mountain Valley,Cold Semi-arid,0,7,No port,No,River,No,OK,"Farm7, mountain_valley, cold_semi_arid, irrigation_river",,,,,,,
Cauca,Cauca,Iberia,Vaccea-Vettonia,Vaccaea_Meridionalis,Vaccaea_Meridionalis,Iberia,Iberia,4,,Plateau,Temperate,2,7,No port,Yes,River,No,OK,"Farm7, plateau, temperate, rivertrade, irrigation_river",,,,,,,
Termes,Termes,Iberia,Celtiberia,Arevacia_Montana,Arevacia_Montana,Iberia,Iberia,4,,Hills,Oceanic,-1,5,No port,No,No,No,OK,"Farm5, hills, oceanic",,,,,,,
Carteia,Carteia,Iberia,Hispano-Punic World,Calpe,Bastulia_Occidentalis,Iberia,Iberia,4,Name Change,Mountain Valley,Mediterranean,-1,6,Shipwright,No,River,No,OK,"Farm6, mountain_valley, mediterranean, base_port_level_2, irrigation_river",,,,,,,
Salduie,Salduie,Iberia,Northeast and Ebro River,Sedetania,Sedetania,Iberia,Iberia,4,,Floodplains/Delta,Cold Semi-arid,-1,11,No port,Yes,River,No,OK,"Farm11, floodplains_delta, cold_semi_arid, rivertrade, irrigation_river",,,,,,,
Segisamo,Segisamo,Iberia,Hispano-Celtic Northeast,Turmodigia,Turmodigia,Iberia,Iberia,4,,Plateau,Oceanic,1,6,No port,No,No,No,OK,"Farm6, plateau, oceanic",,,,,,,
Intercatia,Intercatia,Iberia,Vaccea-Vettonia,Vaccaea_Occidentalis,Vaccaea_Occidentalis,Iberia,Iberia,4,,Plateau,Cold Semi-arid,0,5,No port,No,River,No,OK,"Farm5, plateau, cold_semi_arid, irrigation_river",,,,,,,
Contrebia Belaisca,Contrebia Belaisca,Iberia,Celtiberia,Bellia_Orientalis,Bellia_Orientalis,Iberia,Iberia,4,,Hills,Cold Semi-arid,-1,5,No port,No,River,No,OK,"Farm5, hills, cold_semi_arid, irrigation_river",,,,,,,
Barkeno,Barkeno,Iberia,Northeast and Ebro River,Laietania,Laietania,Iberia,Iberia,4,,Hills,Humid Sub-tropical,1,7,Trade Port,No,River,No,OK,"Farm7, hills, humid_sub_tropical, base_port_level_1, irrigation_river",,,,,,,
Castrum Bergium,Castrum Bergium,Iberia,Northeast and Ebro River,Bergistania,Bergistania,Iberia,Iberia,4,,Mountains,Continental,0,4,No port,No,River,No,OK,"Farm4, mountains, continental, irrigation_river",,,,,,,
,Tuccis,Iberia,Turdetania,,Turdetania_Montana,Iberia,Iberia,4,Not in Main Map,,,,,,,,,,#N/A,,,,,,,
Carmo,Carmo,Iberia,Turdetania,Tartessus_Orientalis,Tartessus_Orientalis,Iberia,Iberia,4,,Floodplains/Delta,Mediterranean,0,12,No port,Yes,River,no,OK,"Farm12, floodplains_delta, mediterranean, rivertrade, irrigation_river",,,,,,,
Urso,Urso,Iberia,Turdetania,Turdetania_Meridionalis,Turdetania_Meridionalis,Iberia,Iberia,4,,Hills,Mediterranean,1,7,No port,No,River,no,OK,"Farm7, hills, mediterranean, irrigation_river",,,,,,,
Munda,Ituci,Iberia,Turdetania,Tucci,Tucci,Iberia,Iberia,4,,Floodplains/Delta,Mediterranean,-1,11,No port,No,River,Yes,OK,"Farm11, floodplains_delta, mediterranean, irrigation_river",Check name,,,,,,
Iliturgi,Iliturgi,Iberia,Turdetania,Ilthraka,Ilthraka,Iberia,Iberia,4,,River Valley,Mediterranean,0,10,No port,Yes,River,Yes,OK,"Farm10, river_valley, mediterranean, rivertrade, irrigation_river",,,,,,,
Hispalis,Spal,Iberia,Turdetania,Aestuarium_Baeticum,Baetica_Maritima,Iberia,Iberia,4,Name Change,Wetlands/Swamps/Marshes,Mediterranean,1,7,Shipwright,Yes,River,no,OK,"Farm7, wetlands, mediterranean, base_port_level_2, rivertrade, irrigation_river",,,,,,,
Baria,Baria,Iberia,Hispano-Punic World,Bastetania_Maritima,Bastetania_Maritima,Iberia,Iberia,4,,Hills,Hot Semi-arid,0,6,Shipwright,No,River,Yes,OK,"Farm6, hills, hot_semi_arid, base_port_level_2, irrigation_river",,,,,,,
Castrum Contestanorum,,,,Contestania_Occidentalis,,Iberia,Iberia,4,Missing in Alt,Karst Terrain,Cold Semi-arid,1,5,No port,No,Springs,Yes,OK,"Farm5, karst_terrain, cold_semi_arid, irrigation_springs",,,,,,,
Kili,Kili,Iberia,Southeast,Edetania_Meridionalis,Edetania_Meridionalis,Iberia,Iberia,4,,Hills,Cold Semi-arid,0,6,No port,No,River,No,OK,"Farm6, hills, cold_semi_arid, irrigation_river",,,,,,,
Contestanium,Lucentum,Iberia,Southeast,Contestania_Orientalis,Akra_Leuka,Iberia,Iberia,4,Name Change,Hills,Cold Semi-arid,1,7,Shipwright,No,River,No,OK,"Farm7, hills, cold_semi_arid, base_port_level_2, irrigation_river",,,,,,,
Consabura,Consabura,Iberia,Carpetania-Olcadia,Carpetania_Montana,Carpetania_Montana,Iberia,Iberia,4,,Hills,Cold Semi-arid,0,5,No port,No,No,No,OK,"Farm5, hills, cold_semi_arid",,,,,,,
,Langobriga,Iberia,Atlantic Coast-Gallaecia,,Turdulia_Veterum,Iberia,Iberia,4,Not in Main Map,,,,,,,,,,#N/A,,,,,,,
Virovesca,Virovesca,Iberia,Hispano-Celtic Northeast,Autrigonia,Autrigonia,Iberia,Iberia,4,,Mountain Valley,Oceanic,-1,6,Needs Harbour,No,River,No,OK,"Farm6, mountain_valley, oceanic, base_port_level_0, irrigation_river",,,,,,,
Nertobriga,,,,Bellia_Septentrionalis,,Iberia,Iberia,4,Missing in Alt,River Valley,Cold Semi-arid,-1,9,No port,No,River,No,OK,"Farm9, river_valley, cold_semi_arid, irrigation_river",,,,,,,
,Lansbricae,Iberia,Atlantic Coast-Gallaecia,,Bibalia,Iberia,Iberia,4,Not in Main Map,,,,,,,,,,#N/A,,,,,,,
Uxama,Uxama,Iberia,Celtiberia,Durica_Superior,Durica_Superior,Iberia,Iberia,4,,Hills,Oceanic,1,7,No port,No,River,No,OK,"Farm7, hills, oceanic, irrigation_river",,,,,,,
Segovia,,,,Arevacia_Occidentalis,,Iberia,Iberia,4,Missing in Alt,Plateau,Temperate,1,6,No port,No,No,No,OK,"Farm6, plateau, temperate",,,,,,,
Illiberis-Ruscino,Iliberri-Sordonia,Iberia,Northeast and Ebro River,Sordonia,Sordonia,Iberia,Iberia,4,Name Change,Mountain Valley,Mediterranean,1,8,Needs Harbour,Yes,River,No,OK,"Farm8, mountain_valley, mediterranean, base_port_level_0, rivertrade, irrigation_river",,,,,,,
Sisapo,Sisapo,Iberia,Baeturia,Turdulia_Orientalis,Baeturia_Turdulorum_Orientalis,Iberia,Iberia,4,Name Change,Plateau,Cold Semi-arid,0,4,No port,No,No,no,OK,"Farm4, plateau, cold_semi_arid",,,,,,,
Talabriga,,,,Turdulia_Veterum,,Iberia,Iberia,4,Missing in Alt,Forest,Oceanic,1,7,Trade Port,Yes,River,No,OK,"Farm7, forest, oceanic, base_port_level_1, rivertrade, irrigation_river",,,,,,,
Arsaos,,,,Vasconia_Orientalis,,Iberia,Iberia,4,Missing in Alt,Mountain Valley,Oceanic,0,7,No port,No,River,No,OK,"Farm7, mountain_valley, oceanic, irrigation_river",,,,,,,
Iacca,,,,Iacetania,,Iberia,Iberia,4,Missing in Alt,Mountain Valley,Oceanic,-1,6,No port,No,River,Yes,OK,"Farm6, mountain_valley, oceanic, irrigation_river",,,,,,,
Calagurris,Ilurcis,Iberia,Celtiberia,Lusonia_Septentrionalis,Lusonia_Hiberica,Iberia,Iberia,4,Name Change,River Valley,Cold Semi-arid,-1,9,No port,Yes,River,No,OK,"Farm9, river_valley, cold_semi_arid, rivertrade, irrigation_river",,,,,,,
,Lagni,Iberia,Celtiberia,,Arevacia_Durica,Iberia,Iberia,4,Not in Main Map,,,,,,,,,,#N/A,,,,,,,
,Atanagrum,Iberia,Northeast and Ebro River,,Ilergetia,Iberia,Iberia,4,,,,,,,,,,,#N/A,,,,,,,
Castrum Indicetum,,,,Indicetia,,Iberia,Iberia,4,Missing in Alt,Mountain Valley,Humid Sub-tropical,0,7,Trade Port,No,River,No,OK,"Farm7, mountain_valley, humid_sub_tropical, base_port_level_1, irrigation_river",,,,,,,
Beleia,Beleia,Iberia,Hispano-Celtic Northeast,Caristia,Caristia,Iberia,Iberia,4,,Mountains,Oceanic,0,5,Trade Port,No,River,No,OK,"Farm5, mountains, oceanic, base_port_level_1, irrigation_river",,,,,,,
Varia,Varia,Iberia,Hispano-Celtic Northeast,Beronia,Beronia,Iberia,Iberia,4,,River Valley,Oceanic,0,10,No port,Yes,River,No,OK,"Farm10, river_valley, oceanic, rivertrade, irrigation_river",,,,,,,
Sexi,,,,Zekz,,Iberia,Iberia,4,Missing in Alt,Mountains,Mediterranean,2,7,Shipwright,No,River,Yes,OK,"Farm7, mountains, mediterranean, base_port_level_2, irrigation_river",,,,,,,
Iliberri,Iliberri,Iberia,Southeast,Bastetania_Occidentalis,Bastetania_Occidentalis,Iberia,Iberia,4,,Mountain Valley,Mediterranean,0,7,No port,No,River,Yes,OK,"Farm7, mountain_valley, mediterranean, irrigation_river",,,,,,,
Ilici,Ilici,Iberia,Southeast,Contestania_Meridionalis,Contestania_Maritima,Iberia,Iberia,4,Name Change,Wetlands/Swamps/Marshes,Hot Semi-arid,2,6,Trade Port,No,River,No,OK,"Farm6, wetlands, hot_semi_arid, base_port_level_1, irrigation_river",,,,,,,
Mirobriga Celticorum,Mirobriga Celticorum,Iberia,Atlantic Coast-Gallaecia,Celticia_Maritima,Celticia_Maritima,Iberia,Iberia,4,,Small Islands/Rocky Coast,Mediterranean,-1,4,Needs Harbour,No,River,No,OK,"Farm4, small_islands_and_rocky_coast, mediterranean, base_port_level_0, irrigation_river",fish and pottery,,,,,,
Nertobriga-Celticia,Nertobriga-Celticorum,Iberia,Baeturia,Celticia_Meridionalis,Baeturia_Celticorum,Iberia,Iberia,4,Name Change,Hills,Mediterranean,0,6,No port,Yes,River,no,OK,"Farm6, hills, mediterranean, rivertrade, irrigation_river",,,,,,,
Arbucala,Arbucale,Iberia,Vaccea-Vettonia,Vaccaea_Durica,Vaccaea_Avusica,Iberia,Iberia,4,Name Change,River Valley,Cold Semi-arid,-1,9,No port,No,River,No,OK,"Farm9, river_valley, cold_semi_arid, irrigation_river",,,,,,,
Bergida,Bergida,Iberia,Asturian-Cantabrian World,Cantabria_Meridionalis,Camaricia,Iberia,Iberia,4,Name Change,Mountain Valley,Oceanic,-1,6,No port,No,No,No,OK,"Farm6, mountain_valley, oceanic",,,,,,,
Rhode,,,,Rhodetia,,Iberia,Iberia,4,Missing in Alt,Small Islands/Rocky Coast,Mediterranean,2,7,Shipwright,No,River,Yes,OK,"Farm7, small_islands_and_rocky_coast, mediterranean, base_port_level_2, irrigation_river",,,,,,,
Alces,Alce,Iberia,Carpetania-Olcadia,Carpetania_Meridionalis,Carpetania_Meridionalis,Iberia,Iberia,4,Name Change,Plateau,Cold Semi-arid,0,5,No port,No,River,No,OK,"Farm5, plateau, cold_semi_arid, irrigation_river",,,,,,,
Onoba,Onoba,Iberia,Turdetania,Onuba,Tartessus_Maritimus,Iberia,Iberia,4,Name Change,Hills,Mediterranean,-1,5,Shipwright,Yes,River,Yes,OK,"Farm5, hills, mediterranean, base_port_level_2, rivertrade, irrigation_river",,,,,,,
Asta,Asta,Iberia,Turdetania,Hasta,Aestuarium_Baeticum,Iberia,Iberia,4,Name Change,Wetlands/Swamps/Marshes,Mediterranean,2,8,Trade Port,Yes,River,no,OK,"Farm8, wetlands, mediterranean, base_port_level_1, rivertrade, irrigation_river",,,,,,,
Oppidum Vasconum,,,,Vasconia_Maritima,,Iberia,Iberia,4,Missing in Alt,Mountains,Oceanic,0,5,Shipwright,No,River,No,OK,"Farm5, mountains, oceanic, base_port_level_2, irrigation_river",silver and copper nearby,,,,,,
Contrebia Leucada,Contrebia Leucada,Iberia,Celtiberia,Pelendonia,Celtiberia_Montana,Iberia,Iberia,4,Name Change,Mountains,Oceanic,0,5,No port,No,River,No,OK,"Farm5, mountains, oceanic, irrigation_river",,,,,,,
Lutia,Segontia,Iberia,Celtiberia,Arevacia_Meridionalis,Arevacia_Meridionalis,Iberia,Iberia,4,Name Change,Plateau,Temperate,1,6,No port,No,River,No,OK,"Farm6, plateau, temperate, irrigation_river",,,,,,,
Turiaso,Turiaso,Iberia,Celtiberia,Lusonia,Lusonia,Iberia,Iberia,4,,Hills,Cold Semi-arid,0,5,No port,No,No,No,OK,"Farm5, hills, cold_semi_arid",,,,,,,
Vettonium,Deobriga,Iberia,Vaccea-Vettonia,Vettonia_Montana,Vettonia,Iberia,Iberia,4,Name Change,Mountain Valley,Temperate,1,8,No port,No,River,No,OK,"Farm8, mountain_valley, temperate, irrigation_river",,,,,,,
Bocchoris,Bocchoris,Iberia,Hispano-Punic World,Baliares_Cartaginenses,Baliares,Iberia,Iberia,4,Name Change,Mountain Valley,Mediterranean,1,8,Dockyard,No,River,No,OK,"Farm8, mountain_valley, mediterranean, base_port_level_3, irrigation_river",,,,,,,
Hemeroskopeion,Hemeroskopeion,Iberia,Southeast,Massalike_Kontestania,Massalike_Kontestania,Iberia,Iberia,4,,Hills,Mediterranean,1,7,Shipwright,No,River,No,OK,"Farm7, hills, mediterranean, base_port_level_2, irrigation_river","major tuna fishing, wine olives",,,,,,
Althaea,Contrebia Carbica,Iberia,Celtiberia,Olcadia,Celtiberia_Ultima,Iberia,Iberia,4,Name Change,Plateau,Mediterranean,0,5,No port,No,No,No,OK,"Farm5, plateau, mediterranean",,,,,,,
Cerretanium,,,,Cerretania,,Iberia,Iberia,4,Missing in Alt,Mountains,Alpine,1,3,No port,No,River,Yes,OK,"Farm3, mountains, alpine, irrigation_river",,,,,,,
,Helice,Iberia,Southeast,,Oretania_Ultima,Iberia,Iberia,4,Not in Main Map,,,,,,,,,,#N/A,,,,,,,
Lacobriga,,,,Conia_Maritima,,Iberia,Iberia,4,Missing in Alt,Small Islands/Rocky Coast,Mediterranean,2,7,Trade Port,No,River,Yes,OK,"Farm7, small_islands_and_rocky_coast, mediterranean, base_port_level_1, irrigation_river",,,,,,,
Salacia,Ketovion-Salacia,Iberia,Atlantic Coast-Gallaecia,Lusitania_Meridionalis,Bardilia,Iberia,Iberia,4,Name Change,Wetlands/Swamps/Marshes,Mediterranean,0,6,Shipwright,Yes,River,No,OK,"Farm6, wetlands, mediterranean, base_port_level_2, rivertrade, irrigation_river",,,,,,,
Auso,Auso,Iberia,Northeast and Ebro River,Ausetania,Ausetania,Iberia,Iberia,4,,Mountain Valley,Oceanic,0,7,No port,No,River,No,OK,"Farm7, mountain_valley, oceanic, irrigation_river",,,,,,,
Iesso,Iesso,Iberia,Northeast and Ebro River,Lacetania,Lacetania,Iberia,Iberia,4,,Plateau,Humid Sub-tropical,1,6,No port,No,River,No,OK,"Farm6, plateau, humid_sub_tropical, irrigation_river",,,,,,,
Castrum Bardyetarum,,,,Bardyetia,,Iberia,Iberia,4,Missing in Alt,Mountain Valley,Oceanic,-1,6,Needs Harbour,No,River,No,OK,"Farm6, mountain_valley, oceanic, base_port_level_0, irrigation_river",,,,,,,
Castrum Baliarium,,,,Baliares_Maiores,,Iberia,Iberia,4,Missing in Alt,Karst Terrain,Cold Semi-arid,2,5,Shipwright,No,No,No,OK,"Farm5, karst_terrain, cold_semi_arid, base_port_level_2",,,,,,,
Brigantium-Artabria,Brigantium-Artabria,Iberia,Atlantic Coast-Gallaecia,Artabria,Artabria_Orientalis,Iberia,Iberia,4,Name Change,Small Islands/Rocky Coast,Oceanic,1,6,Shipwright,No,No,No,OK,"Farm6, small_islands_and_rocky_coast, oceanic, base_port_level_2",,,,,,,
,Althaea,Iberia,Carpetania-Olcadia,,Olcadia,Iberia,Iberia,4,Not in Main Map,,,,,,,,,,#N/A,,,,,,,
Lancia,Lancia,Iberia,Asturian-Cantabrian World,Asturia,Asturia,Iberia,Iberia,4,,Mountain Valley,Oceanic,-1,6,No port,No,River,No,OK,"Farm6, mountain_valley, oceanic, irrigation_river",,,,,,,
Zoelarium,,,,Zoelaea,,Iberia,Iberia,4,Missing in Alt,Plateau,Oceanic,0,5,No port,Yes,River,No,OK,"Farm5, plateau, oceanic, rivertrade, irrigation_river",livestock and rye,,,,,,
Tamusia,Tamusia,Iberia,Vaccea-Vettonia,Vettonia_Meridionalis,Vettonia_Meridionalis,Iberia,Iberia,4,,Plateau,Cold Semi-arid,0,5,No port,No,River,No,OK,"Farm5, plateau, cold_semi_arid, irrigation_river",,,,,,,
Castrum Vettonum,,,,Vettonia_Septentrionalis,,Iberia,Iberia,4,Missing in Alt,Plateau,Oceanic,0,5,No port,Yes,River,No,OK,"Farm5, plateau, oceanic, rivertrade, irrigation_river",cattle and horses,,,,,,
Aratus,Aratus,Iberia,Celtiberia,Tittia,Tittia,Iberia,Iberia,4,,Hills,Cold Semi-arid,-1,4,No port,No,No,No,OK,"Farm4, hills, cold_semi_arid",,,,,,,
Atanagrus,Otogesa,Iberia,Northeast and Ebro River,Ilergetia_Orientalis,Ausetania_Meridionalis,Iberia,Iberia,4,Name Change,Mountain Valley,Dry Sub-tropical,1,8,No port,Yes,River,No,OK,"Farm8, mountain_valley, dry_sub_tropical, rivertrade, irrigation_river",,,,,,,
Lucensium,,,,Lucensia,,Iberia,Iberia,4,Missing in Alt,Forest,Oceanic,0,6,Trade Port,Yes,No,No,OK,"Farm6, forest, oceanic, base_port_level_1, rivertrade",,,,,,,
Oppidum Lusitanorum,Seano,Iberia,Lusitanian-Celtici Inland,Lusitania_Orientalis,Seania,Iberia,Iberia,4,Name Change,Grassland,Mediterranean,-2,7,No port,No,River,No,OK,"Farm7, grassland, mediterranean, irrigation_river",,,,,,,
Ilercavonium,,,,Ilercavonia_Septentrionalis,,Iberia,Iberia,4,Missing in Alt,Mountain Valley,Cold Semi-arid,-1,6,Needs Harbour,Yes,River,No,OK,"Farm6, mountain_valley, cold_semi_arid, base_port_level_0, rivertrade, irrigation_river",,,,,,,
GAUL,,,,,,,,,,,,,,,,,,,,,,,,,,
Nemausus,Nemausus,Gaul,Provincia Romana,Arecomicia,Arecomicia,Gaul,Gaul,5,,Grassland,Mediterranean,1,10,Shipwright,Yes,Springs,No,OK,"Farm10, grassland, mediterranean, base_port_level_2, rivertrade, irrigation_springs",,,,,,,
Arvernium,Nemetum,Gaul,Central Gaul,Arvernia,Arvernia,Gaul,Gaul,5,Name Change,Mountain Valley,Oceanic,2,9,No port,No,River,No,OK,"Farm9, mountain_valley, oceanic, irrigation_river",,,,,,,
Vienna,Vienna,Germania,Switzerland,Allobrogia,Allobrogia,Gaul,Gaul,5,,Mountain Valley,Temperate,2,9,No port,Yes,River,No,OK,"Farm9, mountain_valley, temperate, rivertrade, irrigation_river",,,,,,,
Brenodurum,Brenodurum,Germania,Lower Germania,Sequania_Meridionalis,Sequania_Ultima,Gaul,Germania,9,New Name Change,Plateau,Continental,1,5,No port,No,Lake,No,OK,"Farm5, plateau, continental, irrigation_lake",,,,,,,
Cabillonum,Cabillonum,Gaul,East Gaul,Aeduia,Aeduia,Gaul,Gaul,5,,River Valley,Oceanic,0,10,No port,Yes,River,No,OK,"Farm10, river_valley, oceanic, rivertrade, irrigation_river",,,,,,,
Limonum,Limonum,Gaul,Britanny,Pictonia,Pictonia,Gaul,Gaul,5,,Grassland,Oceanic,-1,8,No port,Yes,River,No,OK,"Farm8, grassland, oceanic, rivertrade, irrigation_river",,,,,,,
Osismium,Vorgium,Gaul,Britanny,Osismia,Osismia,Gaul,Gaul,5,Name Change,Plateau,Oceanic,2,7,Dockyard,No,Springs,No,OK,"Farm7, plateau, oceanic, base_port_level_3, irrigation_springs",,,,,,,
Avaricum,Avaricum,Gaul,Central Gaul,Biturigia,Biturigia,Gaul,Gaul,5,,Grassland,Oceanic,0,9,No port,Yes,River,No,OK,"Farm9, grassland, oceanic, rivertrade, irrigation_river",,,,,,,
Samarobriva,Samarobriva,Gaul,Belgium,Ambiana,Ambiana,Gaul,Gaul,5,,Wetlands/Swamps/Marshes,Oceanic,2,8,Shipwright,Yes,River,No,OK,"Farm8, wetlands, oceanic, base_port_level_2, rivertrade, irrigation_river",,,,,,,
Treverium,Treverium,Gaul,Belgium,Treveria,Treveria,Gaul,Gaul,5,,Hills,Temperate,0,6,No port,No,River,No,OK,"Farm6, hills, temperate, irrigation_river",,,,,,,
Vesontio,Vesontio,Gaul,East Gaul,Sequania,Sequania,Gaul,Gaul,5,,Karst Terrain,Temperate,2,6,No port,Yes,River,No,OK,"Farm6, karst_terrain, temperate, rivertrade, irrigation_river",,,,,,,
Agedincum,Agedincum,Gaul,Belgium,Senonia,Senonia,Gaul,Gaul,5,,River Valley,Oceanic,0,10,No port,Yes,River,No,OK,"Farm10, river_valley, oceanic, rivertrade, irrigation_river",,,,,,,
,Segodunum,Gaul,Provincia Romana,,Rutenia,Gaul,Gaul,5,Not in Main Map,,,,,,,,,,#N/A,,,,,,,
Diablintium,Noviodunum-Diablintia,Gaul,Britanny,Diablintia,Diablintia,Gaul,Gaul,5,Name Change,Forest,Oceanic,1,7,No port,No,River,No,OK,"Farm7, forest, oceanic, irrigation_river",,,,,,,
Nasium,Nasium,Gaul,East Gaul,Leucia,Leucia,Gaul,Gaul,5,,Forest,Temperate,1,7,No port,Yes,River,No,OK,"Farm7, forest, temperate, rivertrade, irrigation_river",,,,,,,
Tolosa,Tolosa,Gaul,Provincia Romana,Tectosagia,Tectosagia,Gaul,Gaul,5,,River Valley,Oceanic,0,10,No port,Yes,River,No,OK,"Farm10, river_valley, oceanic, rivertrade, irrigation_river",,,,,,,
Narbo,Narbo,Gaul,Provincia Romana,Elysicea,Elysicea,Gaul,Gaul,5,,River Valley,Mediterranean,-1,9,Shipwright,Yes,No,No,OK,"Farm9, river_valley, mediterranean, base_port_level_2, rivertrade",,,,,,,
Durotincum,Durotincum,Gaul,Central Gaul,Lemovicia,Lemovicia,Gaul,Gaul,5,,Hills,Oceanic,-1,5,No port,Yes,River,No,OK,"Farm5, hills, oceanic, rivertrade, irrigation_river",,,,,,,
Cenabum,Cenabum,Gaul,Britanny,Carnutia,Carnutia,Gaul,Gaul,5,,Forest,Oceanic,2,8,No port,Yes,River,No,OK,"Farm8, forest, oceanic, rivertrade, irrigation_river",,,,,,,
Durocortorum,Durocortorum,Gaul,Belgium,Remia,Remia,Gaul,Gaul,5,,Grassland,Oceanic,1,10,No port,Yes,River,No,OK,"Farm10, grassland, oceanic, rivertrade, irrigation_river",,,,,,,
Eburonium,Eburonium,Gaul,Belgium,Eburonia,Eburonia,Gaul,Gaul,5,,Forest,Oceanic,0,6,No port,Yes,River,No,OK,"Farm6, forest, oceanic, rivertrade, irrigation_river",,,,,,,
Glanum,Glanum,Gaul,Provincia Romana,Salluvia,Salluvia,Gaul,Gaul,5,,Floodplains/Delta,Mediterranean,-1,11,Trade Port,Yes,River,No,OK,"Farm11, floodplains_delta, mediterranean, base_port_level_1, rivertrade, irrigation_river",,,,,,,
Nervium,Bagacum,Gaul,Belgium,Nervia,Nervia,Gaul,Gaul,5,Name Change,Forest,Oceanic,2,8,No port,Yes,River,No,OK,"Farm8, forest, oceanic, rivertrade, irrigation_river",,,,,,,
Segustero,Segustero,Gaul,Provincia Romana,Vocontia,Vocontia_Orientalis,Gaul,Gaul,5,Name Change,Mountain Valley,Temperate,-1,6,No port,No,River,No,OK,"Farm6, mountain_valley, temperate, irrigation_river",,,,,,,
Venetium,Darioritum,Gaul,Britanny,Venetia-Aremorica,Venetia-Aremorica,Gaul,Gaul,5,Name Change,Forest,Oceanic,1,7,Dockyard,No,No,No,OK,"Farm7, forest, oceanic, base_port_level_3",,,,,,,
Venellium,Crociatonum,Gaul,Britanny,Venellia,Venellia,Gaul,Gaul,5,Name Change,Hills,Oceanic,1,7,Trade Port,No,No,No,OK,"Farm7, hills, oceanic, base_port_level_1",,,,,,,
Vindinum,Suindinum,Gaul,Britanny,Cenomania-Eburovicia,Cenomania-Aulercia,Gaul,Gaul,5,Name Change,Grassland,Oceanic,-1,8,No port,No,River,No,OK,"Farm8, grassland, oceanic, irrigation_river",,,,,,,
,Mediolanum Aulercorum,Gaul,Britanny,,Eburovicia,Gaul,Gaul,5,Not in Main Map,,,,,,,,,,#N/A,,,,,,,
Andemantunnum,Andemantunnum,Gaul,Central Gaul,Lingonia,Lingonia,Gaul,Gaul,5,,Forest,Oceanic,1,7,No port,No,River,No,OK,"Farm7, forest, oceanic, irrigation_river",,,,,,,
Suessionium,Noviodunum-Suessonia,Gaul,Belgium,Suessionia,Suessionia,Gaul,Gaul,5,Name Change,Forest,Oceanic,2,8,No port,Yes,River,No,OK,"Farm8, forest, oceanic, rivertrade, irrigation_river",,,,,,,
Bellovacium,Bratuspantium,Gaul,Belgium,Bellovacia,Bellovacia,Gaul,Gaul,5,Name Change,Forest,Oceanic,1,7,No port,Yes,River,No,OK,"Farm7, forest, oceanic, rivertrade, irrigation_river",,,,,,,
Atrebatium,Nemetacum,Gaul,Belgium,Atrebatia,Atrebatia,Gaul,Gaul,5,Name Change,Grassland,Oceanic,0,9,No port,Yes,River,No,OK,"Farm9, grassland, oceanic, rivertrade, irrigation_river",,,,,,,
Menapium,Menapium,Gaul,Belgium,Menapia,Menapia,Gaul,Gaul,5,,Wetlands/Swamps/Marshes,Oceanic,1,7,Dockyard,No,River,No,OK,"Farm7, wetlands, oceanic, base_port_level_3, irrigation_river",,,,,,,
Viromanduium,Viromanduium,Gaul,Belgium,Viromandua,Viromandua,Gaul,Gaul,5,,Grassland,Oceanic,0,9,No port,No,River,No,OK,"Farm9, grassland, oceanic, irrigation_river",,,,,,,
Divodurum,Divodurum,Germania,Lower Germania,Mediomatricia,Mediomatricia,Gaul,Germania,9,Wrong Area,Forest,Oceanic,0,6,No port,Yes,River,No,OK,"Farm6, forest, oceanic, rivertrade, irrigation_river",,,,,,,
Eburodunum,Eburodunum,Germania,Switzerland,Caturigia-Bodionticia,Caturigia,Gaul,Alps,7,Name Change,Mountains,Alpine,1,3,No port,No,River,No,OK,"Farm3, mountains, alpine, irrigation_river",,,,,,,
Nitiobrogum,Aginnum,Gaul,Aquitania,Nitiobrogia,Nitiobrogia,Gaul,Gaul,5,Name Change,Floodplains/Delta,Oceanic,-2,10,No port,Yes,River,No,OK,"Farm10, floodplains_delta, oceanic, rivertrade, irrigation_river",,,,,,,
Tricastinium,Noviomagus Tricastinorum,Gaul,Provincia Romana,Tricastinia-Helvia,Tricastinia,Gaul,Gaul,5,Name Change,River Valley,Mediterranean,1,11,No port,Yes,River,No,OK,"Farm11, river_valley, mediterranean, rivertrade, irrigation_river",,,,,,,
,Lugdunum,Gaul,Provincia Romana,,Segusiavia,Gaul,Gaul,5,Not in Main Map,,,,,,,,,,#N/A,,,,,,,
Condevincum,Condevincum,Gaul,Britanny,Namnetia,Namnetia,Gaul,Gaul,5,,Wetlands/Swamps/Marshes,Oceanic,1,7,Shipwright,Yes,River,No,OK,"Farm7, wetlands, oceanic, base_port_level_2, rivertrade, irrigation_river",major salt,,,,,,
,Mediolanum Santonum,Gaul,Britanny,,Santonia,Gaul,Gaul,5,Not in Main Map,,,,,,,,,,#N/A,,,,,,,
Veliocassium,Rotomagus,Gaul,Belgium,Veliocassia,Veliocassia,Gaul,Gaul,5,Name Change,River Valley,Oceanic,0,10,No port,Yes,River,No,OK,"Farm10, river_valley, oceanic, rivertrade, irrigation_river",,,,,,,
Genava,Genava,Germania,Switzerland,Lemannus_Inferior,Lemannus_Inferior,Gaul,Alps,7,Wrong Area,Mountain Valley,Temperate,1,8,No port,Yes,Lake,No,OK,"Farm8, mountain_valley, temperate, rivertrade, irrigation_lake",,,,,,,
Condate,Condate,Gaul,Britanny,Redonia,Redonia,Gaul,Gaul,5,,Grassland,Oceanic,-2,7,Trade Port,No,River,No,OK,"Farm7, grassland, oceanic, base_port_level_1, irrigation_river",,,,,,,
,Bibracte,Gaul,Central Gaul,,Aeduia_Centralis,Gaul,Gaul,5,Not in Main Map,,,,,,,,,,#N/A,,,,,,,
,Ruessium,Gaul,Central Gaul,,Vellavia,Gaul,Gaul,5,Not in Main Map,,,,,,,,,,#N/A,,,,,,,
Gabalium,Gabalium,Gaul,Central Gaul,Gabalia-Rutenia,Gabalia,Gaul,Gaul,5,Name Change,Karst Terrain,Continental,1,4,No port,No,No,No,OK,"Farm4, karst_terrain, continental",,,,,,,
Corsiolitum,Corsiolitum,Gaul,Britanny,Coriosolitia,Coriosolitia,Gaul,Gaul,5,,Forest,Oceanic,1,7,Shipwright,No,River,No,OK,"Farm7, forest, oceanic, base_port_level_2, irrigation_river",,,,,,,
Esuvium,Esuvium,Gaul,Britanny,Esuvia,Esuvia,Gaul,Gaul,5,,Grassland,Oceanic,-1,8,Shipwright,No,River,No,OK,"Farm8, grassland, oceanic, base_port_level_2, irrigation_river",,,,,,,
Lexovium,Noviomagus Lexoviorum,Gaul,Britanny,Lexovia,Lexovia,Gaul,Gaul,5,Name Change,River Valley,Oceanic,-2,8,Trade Port,Yes,River,No,OK,"Farm8, river_valley, oceanic, base_port_level_1, rivertrade, irrigation_river",,,,,,,
,Andecavium,Gaul,Britanny,,Andecavia,Gaul,Gaul,5,Not in Main Map,,,,,,,,,,#N/A,,,,,,,
Ambiacum,Ambiacum,Gaul,Central Gaul,Turonia,Turonia,Gaul,Gaul,5,,River Valley,Oceanic,-1,9,No port,Yes,River,No,OK,"Farm9, river_valley, oceanic, rivertrade, irrigation_river",,,,,,,
Alesia,Alesia,Gaul,Central Gaul,Mandubia-Blannovia,Mandubia,Gaul,Gaul,5,Name Change,Hills,Oceanic,0,6,No port,No,River,No,OK,"Farm6, hills, oceanic, irrigation_river",,,,,,,
Iatinum,Iatinum,Gaul,Belgium,Meldia,Meldia,Gaul,Gaul,5,,River Valley,Oceanic,0,10,No port,Yes,River,No,OK,"Farm10, river_valley, oceanic, rivertrade, irrigation_river",,,,,,,
Lutetia,Lutetia,Gaul,Belgium,Parisia,Parisia,Gaul,Gaul,5,,Floodplains/Delta,Oceanic,-1,11,No port,Yes,River,No,OK,"Farm11, floodplains_delta, oceanic, rivertrade, irrigation_river",,,,,,,
Sedunum,Sedunum,Germania,Switzerland,Sedunia-Uberia,Sedunia-Uberia,Gaul,Alps,7,Wrong Area,Mountains,Alpine,2,4,No port,No,River,No,OK,"Farm4, mountains, alpine, irrigation_river",,,,,,,
,Corbilum,Gaul,Britanny,,Aestuarium_Ligeris,Gaul,Gaul,5,Not in Main Map,,,,,,,,,,#N/A,,,,,,,
,Uxisame,Gaul,Britanny,,Uxisame,Gaul,Gaul,5,Not in Main Map,,,,,,,,,,#N/A,,,,,,,
Petrocorium,Vesunna,Gaul,Aquitania,Petrocoria,Petrocoria,Gaul,Gaul,5,Name Change,Forest,Oceanic,1,7,No port,Yes,River,No,OK,"Farm7, forest, oceanic, rivertrade, irrigation_river",,,,,,,
,Cadurcium,Gaul,Aquitania,,Cadurcia,Gaul,Gaul,5,Not in Main Map,,,,,,,,,,#N/A,,,,,,,
Uxellodunum,Uxellodunum,Gaul,Aquitania,Cadurcia,Durania,Gaul,Gaul,5,Name Change,Karst Terrain,Oceanic,1,5,No port,Yes,River,No,OK,"Farm5, karst_terrain, oceanic, rivertrade, irrigation_river",,,,,,,
Borbetomagus,Borbetomagus,Germania,Central Germania,Caeracatia-Triboccia,Caeracatia,Gaul,Germania,9,Wrong Area,River Valley,Temperate,-2,8,No port,Yes,River,No,OK,"Farm8, river_valley, temperate, rivertrade, irrigation_river",,,,,,,
Oppidum Treverorum,Oppidum Treverorum,Germania,Central Germania,Treveria_Orientalis,Treveria_Orientalis,Gaul,Germania,9,Wrong Area,Plateau,Temperate,2,7,No port,Yes,River,No,OK,"Farm7, plateau, temperate, rivertrade, irrigation_river",,,,,,,
Maroventum,,,,Anagnutia,,Gaul,Gaul,5,Missing in Alt,Wetlands/Swamps/Marshes,Oceanic,-1,5,Trade Port,No,River,No,OK,"Farm5, wetlands, oceanic, base_port_level_1, irrigation_river",exceptional fish,,,,,,
Argentomagus,,,,Biturigia_Meridionalis,,Gaul,Gaul,5,Missing in Alt,Forest,Oceanic,-1,5,No port,Yes,River,No,OK,"Farm5, forest, oceanic, rivertrade, irrigation_river",,,,,,,
Indiciacum,Indiciacum,Gaul,Central Gaul,Vellavia-Eleutetia,Arvernia_Meridionalis,Gaul,Gaul,5,Name Change,Plateau,Continental,1,5,No port,No,No,No,OK,"Farm5, plateau, continental",,,,,,,
,Eburomagus,Gaul,Provincia Romana,,Tectosagia_Occidentalis,Gaul,Gaul,5,Not in Main Map,,,,,,,,,,#N/A,,,,,,,
,Isarnodurum,Germania,Switzerland,,Sequania_Meridionalis,Gaul,Alps,7,Not in Main Map,,,,,,,,,,#N/A,,,,,,,
,Cularo,Germania,Switzerland,,Sapaudia,Gaul,Alps,7,Not in Main Map,,,,,,,,,,#N/A,,,,,,,
Caletium,,,,Caletia,,Gaul,Gaul,5,Missing in Alt,Grassland,Oceanic,-2,7,Shipwright,Yes,River,No,OK,"Farm7, grassland, oceanic, base_port_level_2, rivertrade, irrigation_river",,,,,,,
Morinium,,,,Morinia,,Gaul,Gaul,5,Missing in Alt,Grassland,Oceanic,-2,7,Dockyard,No,River,No,OK,"Farm7, grassland, oceanic, base_port_level_3, irrigation_river",stone (flint),,,,,,
Leprosum,,,,Biturigia_Occidentalis,,Gaul,Gaul,5,Missing in Alt,River Valley,Oceanic,-2,8,No port,Yes,River,No,OK,"Farm8, river_valley, oceanic, rivertrade, irrigation_river",livestock and metalworking,,,,,,
Brioratis,,,,Ambarria,,Gaul,Gaul,5,Missing in Alt,Floodplains/Delta,Oceanic,-1,11,No port,Yes,River,Yes,OK,"Farm11, floodplains_delta, oceanic, rivertrade, irrigation_river",fish,,,,,,
Santonium,Santonium,Gaul,Britanny,Santonia,Santonia_Meridionalis,Gaul,Gaul,5,Name Change,Wetlands/Swamps/Marshes,Oceanic,0,6,Shipwright,No,River,No,OK,"Farm6, wetlands, oceanic, base_port_level_2, irrigation_river",,,,,,,
Axima,Axima,Gaul,Provincia Romana,Ceutronia,Ceutronea,Gaul,Alps,7,Name Change,Mountains,Alpine,1,3,No port,No,No,No,OK,"Farm3, mountains, alpine",,,,,,,
Avaticium,,,,Avaticia,,Gaul,Gaul,5,Missing in Alt,Wetlands/Swamps/Marshes,Mediterranean,1,7,Shipwright,Yes,River,No,OK,"Farm7, wetlands, mediterranean, base_port_level_2, rivertrade, irrigation_river",,,,,,,
Turicum,,,,Sequania_Orientalis,,Gaul,Gaul,5,Missing in Alt,Plateau,Continental,1,5,No port,No,Lake,Yes,OK,"Farm5, plateau, continental, irrigation_lake",,,,,,,
Viviscus,,,,Nantuatia,,Gaul,Gaul,5,Missing in Alt,Plateau,Continental,1,5,No port,No,Lake,No,OK,"Farm5, plateau, continental, irrigation_lake",,,,,,,
Eburodorum-Veragria,,,,Veragria,,Gaul,Gaul,5,Missing in Alt,Plateau,Temperate,2,7,No port,No,Lake,No,OK,"Farm7, plateau, temperate, irrigation_lake",sulphurous springs,,,,,,
Solonium,,,,Cavaria,,Gaul,Gaul,5,Missing in Alt,Mountain Valley,Temperate,2,9,No port,Yes,River,Yes,OK,"Farm9, mountain_valley, temperate, rivertrade, irrigation_river",,,,,,,
Senonium,,,,Senonia_Septentrionalis,,Gaul,Gaul,5,Missing in Alt,Floodplains/Delta,Oceanic,-2,10,No port,Yes,River,No,OK,"Farm10, floodplains_delta, oceanic, rivertrade, irrigation_river",,,,,,,
Eburobriga,,,,Senonia_Orientalis,,Gaul,Gaul,5,Missing in Alt,Grassland,Oceanic,-2,7,No port,Yes,River,No,OK,"Farm7, grassland, oceanic, rivertrade, irrigation_river",,,,,,,
Eborolacum,Eborolacum,Gaul,Central Gaul,Arvernia_Septentrionalis,Arvernia_Septentrionalis,Gaul,Gaul,5,,Grassland,Oceanic,-1,8,No port,No,River,No,OK,"Farm8, grassland, oceanic, irrigation_river",,,,,,,
,Vasio,Gaul,Provincia Romana,,Vocontia,Gaul,Gaul,5,Not in Main Map,,,,,,,,,,#N/A,,,,,,,
,Bodionticium,Gaul,Provincia Romana,,Bodionticia,Gaul,Alps,7,Not in Main Map,,,,,,,,,,#N/A,,,,,,,
Abrincatuium,,,,Abrincatuia,,Gaul,Gaul,5,Last Cut,,,,,,,,,,#N/A,fish and salt,,,,,,
Ambilatrium,,,,Ambilatria-Andecavia,,Gaul,Gaul,5,Missing in Alt,Floodplains/Delta,Oceanic,-1,11,Shipwright,Yes,River,No,OK,"Farm11, floodplains_delta, oceanic, base_port_level_2, rivertrade, irrigation_river",bourgneuf bay salt,,,,,,
Scoliva,,,,Brannovicia,,Gaul,Gaul,5,Missing in Alt,Karst Terrain,Oceanic,2,6,No port,Yes,River,No,OK,"Farm6, karst_terrain, oceanic, rivertrade, irrigation_river",,,,,,,
Decetia,,,,Aeduia_Occidentalis,,Gaul,Gaul,5,Missing in Alt,Hills,Oceanic,0,6,No port,No,No,No,OK,"Farm6, hills, oceanic",,,,,,,
Rodumna,,,,Segusiavia-Ambivaretia,,Gaul,Gaul,5,Missing in Alt,Mountain Valley,Oceanic,-1,6,No port,No,River,No,OK,"Farm6, mountain_valley, oceanic, irrigation_river","pottery, fish, livestock, iron",,,,,,
Oppidum Eburonum,Oppidum Eburonum,Gaul,Belgium,Eburonia_Orientalis,Eburonia_Orientalis,Gaul,Gaul,5,,Grassland,Oceanic,-1,8,No port,Yes,River,No,OK,"Farm8, grassland, oceanic, rivertrade, irrigation_river",grain and famous mayen millstone,,,,,,
Ceutronium,Levacium,Gaul,Belgium,Ceutronia-Levacia,Levacia,Gaul,Gaul,5,Name Change,River Valley,Oceanic,-2,8,No port,No,River,No,OK,"Farm8, river_valley, oceanic, irrigation_river",,,,,,,
Geidumnium,,,,Geidumnia,,Gaul,Gaul,5,Missing in Alt,Forest,Oceanic,-1,5,No port,Yes,River,No,OK,"Farm5, forest, oceanic, rivertrade, irrigation_river",,,,,,,
Pleumoxium,,,,Pleumoxia-Grudia,,Gaul,Gaul,5,Missing in Alt,Grassland,Oceanic,-2,7,No port,Yes,River,No,OK,"Farm7, grassland, oceanic, rivertrade, irrigation_river",,,,,,,
Lugdunum-Menapia,Lugdunum-Menapia,Gaul,Belgium,Menapia_Orientalis,Menapia_Orientalis,Gaul,Gaul,5,,Wetlands/Swamps/Marshes,Oceanic,-2,4,Trade Port,Yes,River,No,OK,"Farm4, wetlands, oceanic, base_port_level_1, rivertrade, irrigation_river",,,,,,,
AQUITANIA,,,,,,,,,,,,,,,,,,,,,,,,,,
Elusa,Elusa,Gaul,Aquitania,Elusatia,Elusatia,Gaul,Gaul,5,,Grassland,Oceanic,-2,7,No port,No,River,No,OK,"Farm7, grassland, oceanic, irrigation_river",,,,,,,
,Iluro,Gaul,Aquitania,,Iluronensia,Gaul,Gaul,5,,,,,,,,,,,#N/A,,,,,,,
,Cossio,Gaul,Aquitania,,Vasatia,Gaul,Gaul,5,,,,,,,,,,,#N/A,,,,,,,
Elimberrum,Elimberrum,Gaul,Aquitania,Ausica-Gatia,Auscia,Gaul,Gaul,5,,River Valley,Oceanic,-1,9,No port,Yes,River,No,OK,"Farm9, river_valley, oceanic, rivertrade, irrigation_river",,,,,,,
Andosinium,Tarusco,Gaul,Aquitania,Andosinia-Aerenosia,Andosinia,Gaul,Gaul,5,,Mountain Valley,Temperate,-2,5,No port,Yes,No,No,OK,"Farm5, mountain_valley, temperate, rivertrade",,,,,,,
Coequosa,,,,Cocosatia-Vocatia,,Gaul,Gaul,5,Missing in Alt,Wetlands/Swamps/Marshes,Oceanic,0,6,Dockyard,Yes,River,No,OK,"Farm6, wetlands, oceanic, base_port_level_3, rivertrade, irrigation_river",,,,,,,
Tarusatium,,,,Tarusatia-Sibusatia,,Gaul,Gaul,5,Missing in Alt,Forest,Oceanic,1,7,No port,Yes,River,No,OK,"Farm7, forest, oceanic, rivertrade, irrigation_river",,,,,,,
Castrum Bigerrorum,,,,Bigerrionia-Bargusia,,Gaul,Gaul,5,Missing in Alt,Mountain Valley,Oceanic,0,7,No port,No,River,Yes,OK,"Farm7, mountain_valley, oceanic, irrigation_river",,,,,,,
Sotium,Sotium,Gaul,Aquitania,Sotiatia,Sotiatea,Gaul,Gaul,5,,River Valley,Oceanic,-2,8,No port,Yes,River,No,OK,"Farm8, river_valley, oceanic, rivertrade, irrigation_river",,,,,,,
Tarbellium,Tarbellium,Gaul,Aquitania,Tarbellia-Ptiania,Tarbellia,Gaul,Gaul,5,,Wetlands/Swamps/Marshes,Oceanic,-1,5,Trade Port,Yes,Lake,No,OK,"Farm5, wetlands, oceanic, base_port_level_1, rivertrade, irrigation_lake",,,,,,,
GREEKS IN GAUL,,,,,,,,,,,,,,,,,,,,,,,,,,
Massalia,Massalia,Gaul,Provincia Romana,Segobrigia,Segobrigia,Gaul,Gaul,5,,Hills,Mediterranean,1,7,Dockyard,No,No,No,OK,"Farm7, hills, mediterranean, base_port_level_3",,,,,,,
Antipolis,Antipolis,Italy,North Italy,Hellenike_Dekiataia,Hellenike_Dekiataia,Gaul,Cisalpine Gaul,6,Wrong Area,Small Islands/Rocky Coast,Mediterranean,1,6,Shipwright,No,No,No,OK,"Farm6, small_islands_and_rocky_coast, mediterranean, base_port_level_2",,,,,,,
Agathe,Agathe,Gaul,Provincia Romana,Hellenike_Arekomikia,Hellenike_Arekomikia,Gaul,Gaul,5,,River Valley,Mediterranean,-2,8,Trade Port,Yes,No,No,OK,"Farm8, river_valley, mediterranean, base_port_level_1, rivertrade",,,,,,,
LIGURIA,,,,,,,,,,,,,,,,,,,,,,,,,,
Stalia,Stalia,Italy,North Italy,Genuatia-Tigullia,Genuatea,Cisalpine Gaul,Cisalpine Gaul,6,Name Change,Mountains,Mediterranean,0,5,Dockyard,No,River,No,OK,"Farm5, mountains, mediterranean, base_port_level_3, irrigation_river",,,,,,,
Apua,Apua,Italy,North Italy,Apuania,Apuania,Cisalpine Gaul,Cisalpine Gaul,6,,Mountains,Temperate,-1,4,No port,No,River,No,OK,"Farm4, mountains, temperate, irrigation_river",,,,,,,
Carystum,Carystum,Italy,North Italy,Statiellia-Vagiennia,Statiellia,Cisalpine Gaul,Cisalpine Gaul,6,Name Change,Mountain Valley,Temperate,-1,6,No port,Yes,River,No,OK,"Farm6, mountain_valley, temperate, rivertrade, irrigation_river",,,,,,,
Ingaunum,Ingaunum,Italy,North Italy,Ingaunia,Ingaunia,Cisalpine Gaul,Cisalpine Gaul,6,,Small Islands/Rocky Coast,Mediterranean,-1,4,Trade Port,No,No,No,OK,"Farm4, small_islands_and_rocky_coast, mediterranean, base_port_level_1",,,,,,,
Deciatium,,,,Deciatia,,Cisalpine Gaul,,6,Missing in Alt,Mountains,Temperate,0,5,Shipwright,No,Springs,No,OK,"Farm5, mountains, temperate, base_port_level_2, irrigation_springs",,,,,,,
,Bagiennium,Italy,North Italy,,Bagiennia,Cisalpine Gaul,Cisalpine Gaul,6,Not in Main Map,,,,,,,,,,#N/A,,,,,,,
Intimilium,,,,Intimilia-Epanteria,,Cisalpine Gaul,,6,Missing in Alt,Mountains,Mediterranean,-2,3,Trade Port,No,No,No,OK,"Farm3, mountains, mediterranean, base_port_level_1",,,,,,,
,Libarna,Italy,North Italy,,Dectuninia,Cisalpine Gaul,Cisalpine Gaul,6,Not in Main Map,,,,,,,,,,#N/A,,,,,,,
Veleia,,,,Ilvatia,,Cisalpine Gaul,,6,Missing in Alt,Mountain Valley,Temperate,2,9,No port,Yes,River,No,OK,"Farm9, mountain_valley, temperate, rivertrade, irrigation_river",,,,,,,
Aegitna,Aegitna,Italy,North Italy,Oxybia,Oxybia,Cisalpine Gaul,Alps,7,Wrong Area,Hills,Mediterranean,1,7,Trade Port,Yes,River,No,OK,"Farm7, hills, mediterranean, base_port_level_1, rivertrade, irrigation_river",,,,,,,
CISALPINE GAUL,,,,,,,,,,,,,,,,,,,,,,,,,,
Bononia,Bononia,Italy,North Italy,Boiaea,Boiaea,Cisalpine Gaul,Cisalpine Gaul,6,,River Valley,Humid Sub-tropical,1,11,Shipwright,Yes,River,No,OK,"Farm11, river_valley, humid_sub_tropical, base_port_level_2, rivertrade, irrigation_river",,,,,,,
Mediolanum,Mediolanum,Italy,North Italy,Insubria,Insubria,Cisalpine Gaul,Cisalpine Gaul,6,,Floodplains/Delta,Humid Sub-tropical,0,12,No port,Yes,River,No,OK,"Farm12, floodplains_delta, humid_sub_tropical, rivertrade, irrigation_river",,,,,,,
Patavium,Patavium,Italy,North Italy,Venetia,Venetia,Cisalpine Gaul,Cisalpine Gaul,6,,River Valley,Humid Sub-tropical,1,11,Trade Port,Yes,River,No,OK,"Farm11, river_valley, humid_sub_tropical, base_port_level_1, rivertrade, irrigation_river",,,,,,,
Brixia,Brixia,Italy,North Italy,Cenomania,Cenomania,Cisalpine Gaul,Cisalpine Gaul,6,,Mountain Valley,Humid Sub-tropical,0,7,No port,Yes,River,No,OK,"Farm7, mountain_valley, humid_sub_tropical, rivertrade, irrigation_river",,,,,,,
Friniatium,,,,Friniatia,,Cisalpine Gaul,Cisalpine Gaul,,Missing in Alt,Mountains,Continental,0,4,No port,No,Springs,Yes,OK,"Farm4, mountains, continental, irrigation_springs",,,,,,,
Taurasia,Taurasia,Italy,North Italy,Taurinia,Taurinia,Cisalpine Gaul,Cisalpine Gaul,6,,River Valley,Humid Sub-tropical,-1,9,No port,Yes,River,No,OK,"Farm9, river_valley, humid_sub_tropical, rivertrade, irrigation_river",,,,,,,
Acerrae,Acerrae,Italy,North Italy,Adduaea,Adduaea,Cisalpine Gaul,Cisalpine Gaul,6,,Floodplains/Delta,Humid Sub-tropical,0,12,No port,Yes,River,No,OK,"Farm12, floodplains_delta, humid_sub_tropical, rivertrade, irrigation_river",,,,,,,
Verona,Verona,Italy,North Italy,Athesia,Athesia,Cisalpine Gaul,Cisalpine Gaul,6,,Mountain Valley,Humid Sub-tropical,1,8,No port,Yes,River,No,OK,"Farm8, mountain_valley, humid_sub_tropical, rivertrade, irrigation_river",,,,,,,
Mutina,Mutina,Italy,North Italy,Gabellia,Gabellia,Cisalpine Gaul,Cisalpine Gaul,6,,River Valley,Humid Sub-tropical,1,11,No port,Yes,River,No,OK,"Farm11, river_valley, humid_sub_tropical, rivertrade, irrigation_river",,,,,,,
Atria,,,,Septem_Maria,,Cisalpine Gaul,,6,Missing in Alt,Wetlands/Swamps/Marshes,Humid Sub-tropical,1,7,Trade Port,Yes,River,No,OK,"Farm7, wetlands, humid_sub_tropical, base_port_level_1, rivertrade, irrigation_river",,,,,,,
Ateste,,,,Venetia_Occidentalis,,Cisalpine Gaul,,6,Missing in Alt,River Valley,Humid Sub-tropical,-1,9,No port,Yes,River,No,OK,"Farm9, river_valley, humid_sub_tropical, rivertrade, irrigation_river",,,,,,,
Altinum,Altinum,Italy,North Italy,Venetia_Orientalis,Venetia_Orientalis,Cisalpine Gaul,Cisalpine Gaul,6,,River Valley,Humid Sub-tropical,-1,9,Shipwright,no,No,No,OK,"Farm9, river_valley, humid_sub_tropical, base_port_level_2",,,,,,,
,Opitergium,Italy,North Italy,,Venetia_Transplaviana,Cisalpine Gaul,Cisalpine Gaul,6,Not in Main Map,,,,,,,,,,#N/A,,,,,,,
Spina,,,,Lingonia_Cisalpina,,Cisalpine Gaul,,6,Missing in Alt,Wetlands/Swamps/Marshes,Humid Sub-tropical,-1,5,Trade Port,No,River,No,OK,"Farm5, wetlands, humid_sub_tropical, base_port_level_1, irrigation_river",,,,,,,
Clastidium,,,,Maricia-Laevia,,Cisalpine Gaul,,6,Missing in Alt,River Valley,Mediterranean,1,11,No port,Yes,River,No,OK,"Farm11, river_valley, mediterranean, rivertrade, irrigation_river",,,,,,,
Mantua,Mantua,Italy,North Italy,Mincia,Mincia,Cisalpine Gaul,Cisalpine Gaul,6,,Wetlands/Swamps/Marshes,Humid Sub-tropical,1,7,No port,Yes,River,No,OK,"Farm7, wetlands, humid_sub_tropical, rivertrade, irrigation_river",,,,,,,
ALPS-GAUL,,,,,,,,,,,,,,,,,,,,,,,,,,
Segusio,Segusio,Germania,Switzerland,Segusinia,Segusinia,Alps,Alps,7,,Mountains,Alpine,1,3,No port,No,Springs,No,OK,"Farm3, mountains, alpine, irrigation_springs",,,,,,,
Comum,Comum,Italy,North Italy,Orobia,Orobia,Alps,Alps,7,,Mountain Valley,Continental,-1,5,No port,Yes,Lake,No,OK,"Farm5, mountain_valley, continental, rivertrade, irrigation_lake",,,,,,,
Salassium,Salassium,Germania,Switzerland,Salassia,Salassia,Alps,Alps,7,,Mountains,Alpine,1,3,No port,No,River,No,OK,"Farm3, mountains, alpine, irrigation_river",,,,,,,
Eporedia,Eporedia,Germania,Switzerland,Salassia_Meridionalis,Salassia_Meridionalis,Alps,Alps,7,,Mountain Valley,Temperate,-1,6,No port,No,River,No,OK,"Farm6, mountain_valley, temperate, irrigation_river",,,,,,,
ALPS-RHAETIA,,,,,,,,,,,,,,,,,,,,,,,,,,
Damasia,,,,Licatia,,Alps,,7,Missing in Alt,Mountain Valley,Continental,-1,5,No port,No,River,No,OK,"Farm5, mountain_valley, continental, irrigation_river",,,,,,,
Cambodunum,Cambodunum,Gaul,Lower Germania,Estionia,Estionia,Alps,Gaul,5,Wrong Area,Forest,Continental,0,5,No port,No,River,No,OK,"Farm5, forest, continental, irrigation_river",,,,,,,
Veldidena,Veldidena,Gaul,Lower Germania,Breunia,Breunia,Alps,Gaul,5,Wrong Area,Mountains,Continental,1,5,No port,No,River,Yes,OK,"Farm5, mountains, continental, irrigation_river",,,,,,,
Rucinatium,Rucinatium,Germania,Lower Germania,Rucinatea,Rucinatea,Alps,Germania,9,Wrong Area,Forest,Continental,1,6,No port,Yes,River,No,OK,"Farm6, forest, continental, rivertrade, irrigation_river",,,,,,,
Brigantium-Alpes,Brigantium-Alpes,Germania,Switzerland,Brigantiaea,Brigantiaea,Alps,Alps,7,,Karst Terrain,Continental,1,4,No port,Yes,Lake,Yes,,"Farm4, karst_terrain, continental, rivertrade, irrigation_lake",wait on gaul,,,,,,
Isarcium-Brixentium,Isarcium-Brixentium,Germania,Lower Germania,Isarcia-Brixentia,Isarcia-Brixentia,Alps,Alps,7,,Mountains,Alpine,0,2,No port,No,Springs,No,OK,"Farm2, mountains, alpine, irrigation_springs",,,,,,,
Sorviodurum,Sorviodurum,Germania,Lower Germania,Cosuanetia,Cosuanetia_Septentrionalis,Alps,Germania,9,Name Change,Forest,Continental,1,6,No port,Yes,River,No,OK,"Farm6, forest, continental, rivertrade, irrigation_river",,,,,,,
,Feltria,Italy,North Italy,,Plavia,Alps,Cisalpine Gaul,6,Not in Main Map,,,,,,,,,,,,,,,,,
Oscela,Oscela,Germania,Switzerland,Lepontia,Lepontia,Alps,Alps,7,,Mountains,Alpine,1,3,No port,No,Lake,No,OK,"Farm3, mountains, alpine, irrigation_lake",,,,,,,
Boiodurum,Boiodurum,Germania,Lower Germania,Boihaemum_Meridionale,Boihaemum_Aenicum,Alps,Germania,9,Name Change,Hills,Continental,1,6,No port,Yes,River,No,OK,"Farm6, hills, continental, rivertrade, irrigation_river",,,,,,,
Vennonium,Vennonium,Germania,Lower Germania,Vennonia,Vennonia,Alps,Alps,7,,Mountains,Alpine,0,2,No port,No,Springs,No,OK,"Farm2, mountains, alpine, irrigation_springs",,,,,,,
Catenatium,Catenatium,Germania,Lower Germania,Catenatia,Catenatia,Alps,Germania,9,Wrong Area,Forest,Continental,0,5,No port,No,River,No,OK,"Farm5, forest, continental, irrigation_river",,,,,,,
Camunnium,Camunnium,Germania,Lower Germania,Cammunia-Venostia,Camunnia,Alps,Alps,7,Name Change,Mountains,Alpine,2,4,No port,No,River,No,OK,"Farm4, mountains, alpine, irrigation_river",,,,,,,
Saevatium-Laiancium,,,,Saevatia-Laiancia,,Alps,,7,Missing in Alt,Mountains,Alpine,0,2,No port,No,River,No,OK,"Farm2, mountains, alpine, irrigation_river",,,,,,,
ALPS-NORICUM,,,,,,,,,,,,,,,,,,,,,,,,,,
Noreia,Noreia,Germania,Lower Germania,Noricum,Noricum,Alps,Alps,7,,Mountain Valley,Continental,-1,5,No port,Yes,River,No,OK,"Farm5, mountain_valley, continental, rivertrade, irrigation_river",,,,,,,
Teurnia,Teurnia,Germania,Lower Germania,Ambidravia-Ambilicia,Ambidravia,Alps,Alps,7,New Name Change,Mountains,Alpine,0,2,No port,No,Springs,No,OK,"Farm2, mountains, alpine, irrigation_springs",,,,,,,
Bedacum,Bedacum,Germania,Lower Germania,Alaunia,Alaunia,Alps,Germania,9,Wrong Area,Mountain Valley,Continental,0,6,No port,No,River,Yes,OK,"Farm6, mountain_valley, continental, irrigation_river",,,,,,,
Tergeste,Tergeste,Illyria,Northern Illyria,Histria_Septentrionalis,Histria_Septentrionalis,Alps,Illyria,11,Wrong Area,Karst Terrain,Temperate,1,5,Shipwright,No,Springs,Yes,OK,"Farm5, karst_terrain, temperate, base_port_level_2, irrigation_springs",,,,,,,
Lentia,Lentia,Germania,Lower Germania,Noricum_Septentrionale,Anisia,Alps,Germania,9,Name Change,River Valley,Continental,-1,8,No port,Yes,River,No,OK,"Farm8, river_valley, continental, rivertrade, irrigation_river",,,,,,,
Gamavodurum,Gamavodurum,Germania,Lower Germania,Noricum_Occidentale,Noricum_Transmontanum,Alps,Germania,9,Name Change,Mountains,Continental,0,4,No port,No,Springs,No,OK,"Farm4, mountains, continental, irrigation_springs",,,,,,,
Carnium,Carnium,Germania,Lower Germania,Carnia,Carnia,Alps,Germania,9,Wrong Area,Mountain Valley,Continental,-1,5,No port,No,River,Yes,OK,"Farm5, mountain_valley, continental, irrigation_river",,,,,,,
Oppidum Catalorum,Oppidum Catalorum,Italy,North Italy,Catalia,Catalia,Alps,Cisalpine Gaul,6,Wrong Area,Mountain Valley,Temperate,-2,5,No port,Yes,River,No,OK,"Farm5, mountain_valley, temperate, rivertrade, irrigation_river",,,,,,,
Ambisontium,,,,Ambisontia,,Alps,,7,Missing in Alt,Mountains,Continental,0,4,No port,No,Springs,No,OK,"Farm4, mountains, continental, irrigation_springs",,,,,,,
CENTRAL EUROPE,,,,,,,,,,,,,,,,,,,,,,,,,,
Eburodunum-Boihaemum,Eburodunum-Boihaemum,Germania,Lower Germania,Boihaemum,Boihaemum,Central Europe,Central Europe,7,,Forest,Continental,0,5,No port,No,River,No,OK,"Farm5, forest, continental, irrigation_river",,,,,,,
Mediolanium,Mediolanium-Racataea,Germania,Lower Germania,Racataea-Racatriaea,Racataea,Central Europe,Germania,9,Name Change,Forest,Continental,2,7,No port,Yes,River,No,OK,"Farm7, forest, continental, rivertrade, irrigation_river",,,,,,,
Eburum,Eburum,Germania,Lower Germania,Hercynia,Hercynia,Central Europe,Germania,9,Wrong Area,Hills,Continental,-1,4,No port,No,River,No,OK,"Farm4, hills, continental, irrigation_river",,,,,,,
,Meliodunum,Germania,Lower Germania,,Boihaemum_Septentrionale,Central Europe,Central Europe,7,Not in Main Map,,,,,,,,,,#N/A,,,,,,,
Singone,Singone,Germania,Lower Germania,Boihaemum_Orientale,Boihaemum_Orientale,Central Europe,Germania,9,Wrong Area,Hills,Continental,-1,4,No port,No,River,No,OK,"Farm4, hills, continental, irrigation_river",,,,,,,
,Anduaetium,Germania,Lower Germania,,Racatriaea,Central Europe,Germania,7,Not in Main Map,,,,,,,,,,#N/A,,,,,,,
Budorgis,Budorgis,Germania,Central Germania,Teuriohaemum,Anartia_Ultima,Central Europe,Germania,9,Name Change,Forest,Continental,1,6,No port,Yes,River,No,OK,"Farm6, forest, continental, rivertrade, irrigation_river",,,,,,,
Anavum,Anavum,Germania,Lower Germania,Marsignia,Racatriaea_Orientalis,Central Europe,Germania,9,Name Change,Grassland,Continental,-1,7,No port,Yes,River,No,OK,"Farm7, grassland, continental, rivertrade, irrigation_river",,,,,,,
Parienna,Parienna,Germania,Lower Germania,Osia,Osia,Central Europe,Germania,9,Wrong Area,Mountains,Continental,0,4,No port,No,River,No,OK,"Farm4, mountains, continental, irrigation_river",,,,,,,
Asanca,Asanca,Germania,Lower Germania,Cotinia,Cotinia,Central Europe,Germania,9,Wrong Area,Hills,Continental,-1,4,No port,No,Springs,No,OK,"Farm4, hills, continental, irrigation_springs",,,,,,,
Menosgada,Menosgada,Germania,Central Germania,Volcaea,Volcaea_Occidentalis,Central Europe,Germania,9,Name Change,Forest,Continental,0,5,No port,Yes,River,No,OK,"Farm5, forest, continental, rivertrade, irrigation_river",or hills,,,,,,
,Segodunum-Helvetia,Germania,Lower Germania,,Helvetia_Vetus,Central Europe,Germania,7,Not in Main Map,,,,,,,,,,#N/A,,,,,,,
Melocabus,Melocabus,Germania,Central Germania,Usipetia_Vetus,Usipetia_Vetus,Central Europe,Germania,9,Wrong Area,Hills,Continental,-1,4,No port,Yes,River,No,OK,"Farm4, hills, continental, rivertrade, irrigation_river",,,,,,,
,Devona,Germania,Lower Germania,,Abnobaea,Central Europe,Germania,7,Not in Main Map,,,,,,,,,,#N/A,,,,,,,
Gravionarium,Gravionarium,Germania,Central Germania,Vangionia_Vetus,Vangionia_Vetus,Central Europe,Germania,9,Wrong Area,Hills,Continental,0,5,No port,No,Springs,No,OK,"Farm5, hills, continental, irrigation_springs",,,,,,,
,Volcaeum,Germania,Central Germania,,Volcaea,Central Europe,Central Europe,7,Not in Main Map,,,,,,,,,,#N/A,,,,,,,
Coridorgis,Coridorgis,Germania,Lower Germania,Volcaea_Orientalis,Volcaea_Orientalis,Central Europe,Central Europe,7,,Grassland,Continental,0,8,No port,Yes,River,No,OK,"Farm8, grassland, continental, rivertrade, irrigation_river",,,,,,,
Furgisatis,Furgisatis,Germania,Lower Germania,Boihaemum_Occidentale,Boihaemum_Occidentale,Central Europe,Central Europe,7,,Hills,Continental,1,6,No port,No,River,No,OK,"Farm6, hills, continental, irrigation_river",,,,,,,
Arctaunum,Arctaunum,Germania,Central Germania,Ubia_Vetus,Ubia_Vetus,Central Europe,Germania,9,Wrong Area,Forest,Continental,2,7,No port,No,River,No,OK,"Farm7, forest, continental, irrigation_river",,,,,,,
Locoritum,Locoritum,Germania,Central Germania,Nemetia_Vetus,Nemetia_Vetus,Central Europe,Germania,9,Wrong Area,Grassland,Continental,-2,6,No port,No,River,No,OK,"Farm6, grassland, continental, irrigation_river",,,,,,,
Riusiava,Riusiava,Germania,Lower Germania,Rauracia_Vetus,Rauracia_Vetus,Central Europe,Germania,9,Wrong Area,Karst Terrain,Continental,1,4,No port,No,No,No,OK,"Farm4, karst_terrain, continental",,,,,,,
Strevinta,,,,Volcaea_Septentrionalis,,Central Europe,,7,Missing in Alt,Hills,Continental,0,5,No port,No,River,No,OK,"Farm5, hills, continental, irrigation_river",,,,,,,
Helvetium,,,,Helvetia_Vetus,,Central Europe,,7,Missing in Alt,Forest,Continental,0,5,No port,No,River,No,OK,"Farm5, forest, continental, irrigation_river",,,,,,,
Bergium,,,,Triboccia_Vetus,,Central Europe,,7,Last Cut,,,,,,,,,,#N/A,,,,,,,
Tarodunum,Tarodunum,Gaul,East Gaul,Tigurinia-Tougenia,Tigurinia_Vetus,Central Europe,Gaul,5,Name Change,Hills,Temperate,1,7,No port,Yes,River,No,OK,"Farm7, hills, temperate, rivertrade, irrigation_river",,,,,,,
Alcimoennis,Alcimoennis,Germania,Lower Germania,Tulingia_Vetus,Danubia,Central Europe,Germania,9,Wrong Area,Forest,Continental,-1,4,No port,Yes,River,No,OK,"Farm4, forest, continental, rivertrade, irrigation_river",,,,,,,
Anartium,Anartium,Germania,Lower Germania,Anartia_Septentrionalis,Anartia_Septentrionalis,Central Europe,Germania,9,Wrong Area,Hills,Continental,-1,4,No port,No,River,No,OK,"Farm4, hills, continental, irrigation_river",,,,,,,
BRITANNIA&HIBERNIA,,,,,,,,,,,,,,,,,,,,,,,,,,
Castrum Trinobantium,Camulodunum,Britannia,South England,Trinobantia,Trinobantia,Britannia,Britannia,8,Name Change,River Valley,Oceanic,-1,9,Shipwright,Yes,River,No,OK,"Farm9, river_valley, oceanic, base_port_level_2, rivertrade, irrigation_river",,,,,,,
Dumnonium,Isca,Britannia,South England,Dumnonia_Meridionalis,Dumnonia_Meridionalis,Britannia,Britannia,8,Name Change,Hills,Oceanic,0,6,Shipwright,No,Springs,No,OK,"Farm6, hills, oceanic, base_port_level_2, irrigation_springs",,,,,,,
Castrum Demetarum,Moridunum,Britannia,Wales,Demetaea,Demetaea,Britannia,Britannia,8,Name Change,Hills,Oceanic,0,6,Dockyard,No,Springs,No,OK,"Farm6, hills, oceanic, base_port_level_3, irrigation_springs",,,,,,,
,Oppidum Brigantum,Britannia,Central England,,Brigantia_Meridionalis,Britannia,Britannia,8,Not in Main Map,,,,,,,,,,#N/A,,,,,,,
Castrum Caledoniorum,Castrum Caledoniorum,Britannia,Scotland,Caledonia,Caledonia,Britannia,Britannia,8,,Mountains,Continental,-1,3,Trade Port,No,Lake,No,OK,"Farm3, mountains, continental, base_port_level_1, irrigation_lake",,,,,,,
Oppidum Reginorum,Calleva,Britannia,South England,Regnia_Septentrionalis,Regnia_Septentrionalis,Britannia,Britannia,8,Name Change,Forest,Oceanic,0,6,No port,Yes,River,No,OK,"Farm6, forest, oceanic, rivertrade, irrigation_river",,,,,,,
Castrum Icenorum,Castrum Icenorum,Britannia,South England,Ecenia,Ecenians,Britannia,Britannia,8,Name Change,Wetlands/Swamps/Marshes,Oceanic,0,6,Shipwright,Yes,River,No,OK,"Farm6, wetlands, oceanic, base_port_level_2, rivertrade, irrigation_river",,,,,,,
Catuvellaunium,Catuvellaunium,Britannia,South England,Catuvellaunia,Catuvellaunia,Britannia,Britannia,8,,Grassland,Oceanic,0,9,No port,Yes,River,No,OK,"Farm9, grassland, oceanic, rivertrade, irrigation_river",,,,,,,
Ratostabius,Ratostabius,Britannia,Wales,Siluria,Siluria,Britannia,Britannia,8,,Karst Terrain,Oceanic,1,5,Dockyard,No,River,No,OK,"Farm5, karst_terrain, oceanic, base_port_level_3, irrigation_river",,,,,,,
Bremenium,Bremenium,Britannia,North England,Otadinia,Otadinia,Britannia,Britannia,8,,Forest,Oceanic,1,7,Trade Port,No,River,No,OK,"Farm7, forest, oceanic, base_port_level_1, irrigation_river",,,,,,,
,Eblana,Britannia,Ireland,,Eblania,Britannia,Britannia,8,Not in Main Map,,,,,,,,,,#N/A,,,,,,,
Castrum Cornoviorum,Castrum Cornoviorum,Britannia,Central England,Cornovia,Cornovia,Britannia,Britannia,8,,Grassland,Oceanic,-1,8,Shipwright,Yes,River,No,OK,"Farm8, grassland, oceanic, base_port_level_2, rivertrade, irrigation_river",,,,,,,
Castrum Ordovicum,Castrum Ordovicum,Britannia,Wales,Ordovicia,Ordovicia,Britannia,Britannia,8,,Mountains,Oceanic,0,5,Trade Port,No,River,No,OK,"Farm5, mountains, oceanic, base_port_level_1, irrigation_river",,,,,,,
Castrum Cantiacorum,Castrum Cantiacorum,Britannia,South England,Cantiacia,Cantiacia_Occidentalis,Britannia,Britannia,8,Name Change,Forest,Oceanic,0,6,Dockyard,No,Springs,No,OK,"Farm6, forest, oceanic, base_port_level_3, irrigation_springs",,,,,,,
,Corieltauvium,Britannia,Central England,,Corieltauvia_Centralis,Britannia,Britannia,8,Not in Main Map,,,,,,,,,,#N/A,,,,,,,
Castrum Dobunnorum,Dobunnium,Britannia,South England,Dobunnia,Dobunnia,Britannia,Britannia,8,Name Change,Forest,Oceanic,0,6,Trade Port,Yes,River,No,OK,"Farm6, forest, oceanic, base_port_level_1, rivertrade, irrigation_river",,,,,,,
Castrum Corieltauviorum,Castrum Corieltauviorum,Britannia,Central England,Corieltauvia,Corieltauvia,Britannia,Britannia,8,,River Valley,Oceanic,0,10,No port,No,River,No,OK,"Farm10, river_valley, oceanic, irrigation_river",,,,,,,
Castrum Durotrigorum,Castrum Durotrigorum,Britannia,South England,Durotrigia,Durotrigia_Occidentalis,Britannia,Britannia,8,Name Change,Grassland,Oceanic,0,9,Shipwright,No,River,No,OK,"Farm9, grassland, oceanic, base_port_level_2, irrigation_river",,,,,,,
Castrum Dumnoniorum,Castrum Dumnoniorum,Britannia,South England,Dumnonia,Dumnonia,Britannia,Britannia,8,,Hills,Oceanic,0,6,Trade Port,No,River,No,OK,"Farm6, hills, oceanic, base_port_level_1, irrigation_river",,,,,,,
Castrum Deceanglorum,Castrum Deceanglorum,Britannia,Wales,Deceanglia,Deceanglia,Britannia,Britannia,8,,Karst Terrain,Oceanic,1,5,Shipwright,Yes,River,No,OK,"Farm5, karst_terrain, oceanic, base_port_level_2, rivertrade, irrigation_river",,,,,,,
Castrum Reginorum,Regnium,Britannia,South England,Regnia,Regnia,Britannia,Britannia,8,Name Change,Hills,Oceanic,1,7,Shipwright,Yes,River,No,OK,"Farm7, hills, oceanic, base_port_level_2, rivertrade, irrigation_river",,,,,,,
Dunum,Dunum,Britannia,Ireland,Ivernia_Orientalis,Manapia_Occidentalis,Britannia,Britannia,8,Name Change,Grassland,Oceanic,-2,7,Shipwright,No,Lake,No,OK,"Farm7, grassland, oceanic, base_port_level_2, irrigation_lake",,,,,,,
Rhaeba,Rhaeba,Britannia,Ireland,Ivernia_Occidentalis,Rhobogdia,Britannia,Britannia,8,Name Change,Karst Terrain,Oceanic,0,4,Trade Port,No,Lake,No,OK,"Farm4, karst_terrain, oceanic, base_port_level_1, irrigation_lake",,,,,,,
,Magnata,Britannia,Ireland,,Magnatia,Britannia,Britannia,8,Not in Main Map,,,,,,,,,,#N/A,,,,,,,
,Oppidum Otadinorum,Britannia,Scotland,,Otadinia_Occidentalis,Britannia,Britannia,8,Not in Main Map,,,,,,,,,,#N/A,,,,,,,
,Silurium,Britannia,Wales,,Siluria_Occidentalis,Britannia,Britannia,8,Not in Main Map,,,,,,,,,,#N/A,,,,,,,
,Ordovicum,Britannia,Wales,,Stuccia,Britannia,Britannia,8,Not in Main Map,,,,,,,,,,#N/A,,,,,,,
Castrum Otadinorum,,,,Otadinia_Septentrionalis,,Britannia,,8,Missing in Alt,Grassland,Oceanic,-2,7,Trade Port,No,River,No,OK,"Farm7, grassland, oceanic, base_port_level_1, irrigation_river",,,,,,,
Castrum Orcadum,Castrum Orcadum,Britannia,Scotland,Orcades,Orcades,Britannia,Britannia,8,,Small Islands/Rocky Coast,Oceanic,-1,4,Shipwright,No,Lake,No,OK,"Farm4, small_islands_and_rocky_coast, oceanic, base_port_level_2, irrigation_lake",,,,,,,
Castrum Haemodaeorum,,,,Haemodae,,Britannia,,8,Missing in Alt,Small Islands/Rocky Coast,Oceanic,-1,4,Trade Port,No,Springs,No,OK,"Farm4, small_islands_and_rocky_coast, oceanic, base_port_level_1, irrigation_springs",,,,,,,
Oppidum Catuvellaunorum,,,,Catuvellaunia_Orientalis,,Britannia,,8,Missing in Alt,Grassland,Oceanic,-2,7,No port,Yes,River,No,OK,"Farm7, grassland, oceanic, rivertrade, irrigation_river",,,,,,,
Oppidum Durotrigum,,,,Durotrigia_Orientalis,,Britannia,,8,Missing in Alt,Grassland,Oceanic,0,9,Dockyard,Yes,River,No,OK,"Farm9, grassland, oceanic, base_port_level_3, rivertrade, irrigation_river",,,,,,,
Durotrigium,Durotrigium,Britannia,South England,Durotrigia_Occiedentalis,Durotrigia,Britannia,Britannia,8,,Hills,Oceanic,2,8,Trade Port,No,River,No,OK,"Farm8, hills, oceanic, base_port_level_1, irrigation_river",,,,,,,
,Oppidum Durotrigorum,Britannia,South England,,Durotrigia_Septentrionalis,Britannia,Britannia,8,Not in Main Map,,,,,,,,,,#N/A,,,,,,,
Sorviodunum,Sorviodunum,Britannia,South England,Durotrigia_Centralis,Durotrigia_Centralis,Britannia,Britannia,8,,Grassland,Oceanic,1,10,No port,No,River,No,OK,"Farm10, grassland, oceanic, irrigation_river",,,,,,,
Oppidum Dumnoniorum,,,,Dumnonia_Occidentalis,,Britannia,,8,Missing in Alt,Small Islands/Rocky Coast,Oceanic,0,5,Trade Port,No,Springs,No,OK,"Farm5, small_islands_and_rocky_coast, oceanic, base_port_level_1, irrigation_springs",,,,,,,
,Voliba,Britannia,South England,,Dumnonia_Septentrionalis,Britannia,Britannia,8,Not in Main Map,,,,,,,,,,#N/A,,,,,,,
Oppidum Silurum,Oppidum Silurum,Britannia,Wales,Siluria_Orientalis,Siluria_Orientalis,Britannia,Britannia,8,,Forest,Oceanic,0,6,No port,Yes,River,No,OK,"Farm6, forest, oceanic, rivertrade, irrigation_river",,,,,,,
Regia,Regia,Britannia,Ireland,Voluntia,Voluntia,Britannia,Britannia,8,,Small Islands/Rocky Coast,Oceanic,-1,4,Shipwright,No,Lake,No,OK,"Farm4, small_islands_and_rocky_coast, oceanic, base_port_level_2, irrigation_lake",,,,,,,
Castrum Damnoniorum,Alauna,Britannia,Scotland,Damnonia,Damnonia,Britannia,Britannia,8,Name Change,Mountain Valley,Oceanic,-1,6,Trade Port,No,River,No,OK,"Farm6, mountain_valley, oceanic, base_port_level_1, irrigation_river",,,,,,,
Castrum Novantarum,Castrum Selgovarum,Britannia,North England,Novantaea-Selgovaea,Selgovaea,Britannia,Britannia,8,Name Change,Small Islands/Rocky Coast,Oceanic,0,5,Trade Port,No,River,No,OK,"Farm5, small_islands_and_rocky_coast, oceanic, base_port_level_1, irrigation_river",,,,,,,
Castrum Epidiorum,,,,Epidia,,Britannia,,8,Missing in Alt,Small Islands/Rocky Coast,Oceanic,-2,3,Trade Port,No,No,No,OK,"Farm3, small_islands_and_rocky_coast, oceanic, base_port_level_1",,,,,,,
Castrum Taexalorum,Castrum Taexalorum,Britannia,Scotland,Taexalia,Taexalia,Britannia,Britannia,8,,Hills,Oceanic,0,6,Trade Port,No,River,No,OK,"Farm6, hills, oceanic, base_port_level_1, irrigation_river",,,,,,,
Castrum Cornaviorum,,,,Cornavia,,Britannia,,8,Missing in Alt,Small Islands/Rocky Coast,Oceanic,0,5,Trade Port,No,Springs,No,OK,"Farm5, small_islands_and_rocky_coast, oceanic, base_port_level_1, irrigation_springs",,,,,,,
Castrum Lugiorum,Castrum Lugiorum,Britannia,Scotland,Lugia-Decantaea,Lugia,Britannia,Britannia,8,Name Change,Wetlands/Swamps/Marshes,Oceanic,-2,4,Shipwright,No,Lake,No,OK,"Farm4, wetlands, oceanic, base_port_level_2, irrigation_lake",,,,,,,
Castrum Carnonacarum,,,,Carnonacaea-Ceronia,,Britannia,,8,Missing in Alt,Mountains,Continental,-2,2,Shipwright,No,Springs,No,OK,"Farm2, mountains, continental, base_port_level_2, irrigation_springs",,,,,,,
Brigantium,Brigantium,Britannia,North England,Brigantia,Brigantia,Britannia,Britannia,8,,Hills,Oceanic,-1,5,Trade Port,Yes,River,No,OK,"Farm5, hills, oceanic, base_port_level_1, rivertrade, irrigation_river",,,,,,,
Castrum Itunae,Castrum Itunae,Britannia,North England,Ituna_Aestuarium,Ituna_Aestuarium,Britannia,Britannia,8,,Hills,Oceanic,-1,5,Trade Port,No,Lake,No,OK,"Farm5, hills, oceanic, base_port_level_1, irrigation_lake",,,,,,,
Oppidum Brigantum,,,,Brigantia_Centralis,,Britannia,,8,Missing in Alt,River Valley,Oceanic,-2,8,Dockyard,Yes,River,No,OK,"Farm8, river_valley, oceanic, base_port_level_3, rivertrade, irrigation_river",,,,,,,
Oppidum Corieltauviorum,,,,Corieltauvia_Orientalis,,Britannia,,8,Missing in Alt,Wetlands/Swamps/Marshes,Oceanic,1,7,Shipwright,Yes,River,No,OK,"Farm7, wetlands, oceanic, base_port_level_2, rivertrade, irrigation_river",,,,,,,
Oppidum Ordovicum,Oppidum Ordovicum,Britannia,Wales,Ordovicia_Meridionalis,Ordovicia_Orientalis,Britannia,Britannia,8,Name Change,Plateau,Oceanic,-1,4,Trade Port,No,River,No,OK,"Farm4, plateau, oceanic, base_port_level_1, irrigation_river",,,,,,,
Viroconium,Viroconium,Britannia,Central England,Cornovia_Meridionalis,Cornovia_Meridionalis,Britannia,Britannia,8,,Forest,Oceanic,0,6,No port,No,River,No,OK,"Farm6, forest, oceanic, irrigation_river",,,,,,,
Castrum Hebudum,Castrum Hebudum,Britannia,Scotland,Hebudes,Hebudes,Britannia,Britannia,8,,Small Islands/Rocky Coast,Continental,-2,2,Shipwright,No,Springs,No,OK,"Farm2, small_islands_and_rocky_coast, continental, base_port_level_2, irrigation_springs",,,,,,,
,Castrum Dumnaorum,Britannia,Scotland,,Dumna,Britannia,Britannia,8,Not in Main Map,,,,,,,,,,#N/A,,,,,,,
Castrum Catuvellaunorum,Castrum Catuvellaunorum,Britannia,South England,Catuvellaunia_Occidentalis,Catuvellaunia_Tamesica,Britannia,Britannia,8,Name Change,River Valley,Oceanic,-1,9,No port,Yes,River,No,OK,"Farm9, river_valley, oceanic, rivertrade, irrigation_river",,,,,,,
Oppidum Dobunnorum,,,,Dobunnia_Meridionalis,,Britannia,,8,Missing in Alt,Wetlands/Swamps/Marshes,Oceanic,-2,4,Trade Port,Yes,Springs,No,OK,"Farm4, wetlands, oceanic, base_port_level_1, rivertrade, irrigation_springs",,,,,,,
Laberus,,,,Ivernia_Centralis,,Britannia,,8,Missing in Alt,Grassland,Oceanic,-2,7,Shipwright,Yes,River,No,OK,"Farm7, grassland, oceanic, base_port_level_2, rivertrade, irrigation_river",,,,,,,
,Boderium,Britannia,Scotland,,Boderia_Aestuarium,Britannia,Britannia,8,Not in Main Map,,,,,,,,,,#N/A,,,,,,,
Castrum Smertarum,,,,Smertaea-Caerenia,,Britannia,,8,Missing in Alt,Karst Terrain,Oceanic,-2,2,Trade Port,No,Lake,No,OK,"Farm2, karst_terrain, oceanic, base_port_level_1, irrigation_lake",,,,,,,
Castrum Brigantum,,,,Brigantia_Orientalis,,Britannia,,8,Missing in Alt,Grassland,Oceanic,-2,7,Trade Port,No,Springs,No,OK,"Farm7, grassland, oceanic, base_port_level_1, irrigation_springs",,,,,,,
Oppidum Trinobantia,,,,Trinobantia_Orientalis,,Britannia,,8,Missing in Alt,Wetlands/Swamps/Marshes,Oceanic,0,6,Trade Port,No,River,No,OK,"Farm6, wetlands, oceanic, base_port_level_1, irrigation_river",,,,,,,
Castrum Monae,Castrum Monae,Britannia,Wales,Mona,Mona,Britannia,Britannia,8,,Small Islands/Rocky Coast,Oceanic,1,6,Shipwright,No,Lake,No,OK,"Farm6, small_islands_and_rocky_coast, oceanic, base_port_level_2, irrigation_lake",,,,,,,
Oppidum Cantiacorum,Durobrivae,Britannia,South England,Cantiacia_Orientalis,Cantiacia,Britannia,Britannia,8,Name Change,Grassland,Oceanic,-2,7,Dockyard,No,Springs,No,OK,"Farm7, grassland, oceanic, base_port_level_3, irrigation_springs",,,,,,,
Castrum Monaodum,Castrum Monaodum,Britannia,Ireland,Monaodea,Monaodea,Britannia,Britannia,8,,Small Islands/Rocky Coast,Oceanic,-1,4,Shipwright,No,Springs,No,OK,"Farm4, small_islands_and_rocky_coast, oceanic, base_port_level_2, irrigation_springs",,,,,,,
Castrum Vacomagorum,Castrum Vacomagorum,Britannia,Scotland,Vacomagia,Vacomagia,Britannia,Britannia,8,,Hills,Oceanic,-1,5,Shipwright,No,River,No,OK,"Farm5, hills, oceanic, base_port_level_2, irrigation_river",,,,,,,
Ivernis,,,,Ivernia_Meridionalis,,Britannia,,8,Missing in Alt,Wetlands/Swamps/Marshes,Oceanic,0,6,Dockyard,No,Lake,No,OK,"Farm6, wetlands, oceanic, base_port_level_3, irrigation_lake",,,,,,,
GERMANIA,,,,,,,,,,,,,,,,,,,,,,,,,,
Tecelia,Tecelia,Germania,Upper Germania,Chaucia_Minor,Chaucia_Minor,Germania,Germania,9,,River Valley,Oceanic,-2,8,Shipwright,Yes,River,No,OK,"Farm8, river_valley, oceanic, base_port_level_2, rivertrade, irrigation_river",,,,,,,
Susudata,Susudata,Germania,Upper Germania,Semnonia,Semnonia,Germania,Germania,9,,Forest,Continental,-1,4,No port,Yes,River,No,OK,"Farm4, forest, continental, rivertrade, irrigation_river",,,,,,,
Galaegia,Lupfurdum,Germania,Central Germania,Marcomannia_Vetus,Marcomannia_Vetus,Germania,Germania,9,Name Change,Forest,Continental,0,5,No port,Yes,River,No,OK,"Farm5, forest, continental, rivertrade, irrigation_river",,,,,,,
Marionis,Marionis,Germania,Upper Germania,Langobardia,Langobardia,Germania,Germania,9,,Wetlands/Swamps/Marshes,Oceanic,0,6,Trade Port,Yes,River,No,OK,"Farm6, wetlands, oceanic, base_port_level_1, rivertrade, irrigation_river",,,,,,,
,Fundusium,Germania,Scandinavia,,Fundusia,Germania,Germania,9,Not in Main Map,,,,,,,,,,#N/A,,,,,,,
Gutum,Gautum,Germania,Scandinavia,Gutia,Gautia,Germania,Germania,9,Name Change,Grassland,Continental,-1,7,Shipwright,Yes,Lake,No,OK,"Farm7, grassland, continental, base_port_level_2, rivertrade, irrigation_lake",,,,,,,
Venedium,Venedium,Steppes,Baltics/Poland,Venedia,Venedia,Germania,Steppes,15,Wrong Area,Forest,Continental,0,5,No port,Yes,River,No,OK,"Farm5, forest, continental, rivertrade, irrigation_river",,,,,,,
Aestium,Aestium,Steppes,Baltics/Poland,Aestia,Aestia,Germania,Steppes,15,Wrong Area,Wetlands/Swamps/Marshes,Continental,0,5,Shipwright,Yes,River,No,OK,"Farm5, wetlands, continental, base_port_level_2, rivertrade, irrigation_river",,,,,,,
Mersovium,Cistuia,Germania,Central Germania,Hermunduria,Hermunduria,Germania,Germania,9,Name Change,Wetlands/Swamps/Marshes,Continental,-1,4,No port,Yes,River,No,OK,"Farm4, wetlands, continental, rivertrade, irrigation_river",,,,,,,
Ascalingium,Ascalingium,Germania,Upper Germania,Cheruscia,Cheruscia,Germania,Germania,9,,Forest,Oceanic,0,6,No port,Yes,River,No,OK,"Farm6, forest, oceanic, rivertrade, irrigation_river",,,,,,,
Mattium,Mattium,Germania,Central Germania,Mattiaca,Mattiaca,Germania,Germania,9,,Forest,Continental,1,6,No port,No,River,No,OK,"Farm6, forest, continental, irrigation_river",,,,,,,
Sugambrium,Sugambrium,Germania,Central Germania,Sugambria,Sugambria,Germania,Germania,9,,Hills,Oceanic,1,7,No port,Yes,River,No,OK,"Farm7, hills, oceanic, rivertrade, irrigation_river",,,,,,,
Tencterium,Tencterium,Germania,Central Germania,Tencteria_Vetus,Tencteria_Vetus,Germania,Germania,9,,River Valley,Temperate,-2,8,No port,Yes,River,No,OK,"Farm8, river_valley, temperate, rivertrade, irrigation_river",,,,,,,
Redintuinum,Stragona,Germania,Central Germania,Quadia_Vetus,Quadia_Vetus,Germania,Germania,9,Name Change,Hills,Continental,1,6,No port,No,River,No,OK,"Farm6, hills, continental, irrigation_river",,,,,,,
Hillevionum,Hillevionum,Germania,Scandinavia,Hillevionia,Hillevionia,Germania,Germania,9,,Forest,Continental,1,6,Shipwright,No,Lake,No,OK,"Farm6, forest, continental, base_port_level_2, irrigation_lake",,,,,,,
Rugium,Rugium,Germania,Scandinavia,Rugia,Rugia,Germania,Germania,9,,Mountains,Sub-artic,0,2,Shipwright,No,Lake,No,OK,"Farm2, mountains, sub_artic, base_port_level_2, irrigation_lake",,,,,,,
Finnium,Finnium,Steppes,Baltics/Poland,Finnia,Finnia,Germania,Steppes,15,Wrong Area,Forest,Sub-artic,0,3,Shipwright,Yes,Lake,No,OK,"Farm3, forest, sub_artic, base_port_level_2, rivertrade, irrigation_lake",,,,,,,
Harium,Setidava,Germania,Upper Germania,Haria,Haria,Germania,Germania,9,Name Change,,,,,,,,,,#N/A,,,,,,,
Calisia,Calisia,Germania,Central Germania,Buria,Buria,Germania,Germania,9,,Forest,Continental,0,5,No port,Yes,River,No,OK,"Farm5, forest, continental, rivertrade, irrigation_river",,,,,,,
Manimium,Colancorum,Germania,Central Germania,Manimia-Haria,Manimia,Germania,Germania,9,New Name Change,Forest,Continental,-1,4,No port,Yes,River,No,OK,"Farm4, forest, continental, rivertrade, irrigation_river",,,,,,,
Helisium,Helisium,Germania,Central Germania,Helisia,Helisia,Germania,Germania,9,Last Cut,,,,,,,,,,#N/A,or wetlands,,,,,,
Leucaristus,Leucaristus,Germania,Central Germania,Naharvalia,Naharvalia,Germania,Germania,9,,Forest,Continental,-1,4,No port,Yes,River,No,OK,"Farm4, forest, continental, rivertrade, irrigation_river",,,,,,,
Daucionum,Daucionum,Germania,Scandinavia,Daucionia,Daucionia,Germania,Germania,9,,Grassland,Continental,-1,7,Dockyard,No,Lake,No,OK,"Farm7, grassland, continental, base_port_level_3, irrigation_lake",,,,,,,
Oppidum Gutarum,Firaesum,Germania,Scandinavia,Insula_Gutarum,Firaesia,Germania,Germania,9,Name Change,Small Islands/Rocky Coast,Continental,1,5,Shipwright,No,No,No,OK,"Farm5, small_islands_and_rocky_coast, continental, base_port_level_2",,,,,,,
Fabiranum,Fabiranum,Germania,Upper Germania,Chaucia_Maior,Chaucia_Maior,Germania,Germania,9,,Wetlands/Swamps/Marshes,Oceanic,-1,5,Trade Port,Yes,River,No,OK,"Farm5, wetlands, oceanic, base_port_level_1, rivertrade, irrigation_river",,,,,,,
Chaedinium,Chaedinium,Germania,Scandinavia,Chaedinia,Chaedinia,Germania,Germania,9,,Forest,Sub-artic,1,4,Shipwright,Yes,Lake,No,OK,"Farm4, forest, sub_artic, base_port_level_2, rivertrade, irrigation_lake",,,,,,,
Favonaeum-Firaesium,Favonium,Germania,Scandinavia,Favonaea-Firaesia,Favonia,Germania,Germania,9,Name Change,Grassland,Continental,-2,6,Trade Port,No,Lake,No,OK,"Farm6, grassland, continental, base_port_level_1, irrigation_lake",,,,,,,
Suionium,,,,Suionia,,Germania,,9,Missing in Alt,Forest,Continental,0,5,Shipwright,No,Lake,No,OK,"Farm5, forest, continental, base_port_level_2, irrigation_lake",,,,,,,
Veltaeum,,,,Veltaea,,Germania,,9,Missing in Alt,Forest,Continental,-1,4,Shipwright,Yes,River,No,OK,"Farm4, forest, continental, base_port_level_2, rivertrade, irrigation_river",,,,,,,
Castrum Osiorum,Osium,Steppes,Baltics/Poland,Insula_Osiorum,Insula_Osiorum,Germania,Steppes,15,Name Change,Small Islands/Rocky Coast,Continental,-1,3,Shipwright,No,No,No,OK,"Farm3, small_islands_and_rocky_coast, continental, base_port_level_2",,,,,,,
Avionium,Avionium,Germania,Scandinavia,Avionia,Avionia,Germania,Germania,9,,Wetlands/Swamps/Marshes,Oceanic,0,6,Shipwright,Yes,River,No,OK,"Farm6, wetlands, oceanic, base_port_level_2, rivertrade, irrigation_river",,,,,,,
Eudosium,Eudosium,Germania,Scandinavia,Eudosia,Eudosia,Germania,Germania,9,,Grassland,Continental,-2,6,Trade Port,No,River,No,OK,"Farm6, grassland, continental, base_port_level_1, irrigation_river",,,,,,,
Cimbrium,Cimbrium,Germania,Scandinavia,Cimbria,Cimbria,Germania,Germania,9,,Wetlands/Swamps/Marshes,Oceanic,-1,5,Shipwright,No,No,No,OK,"Farm5, wetlands, oceanic, base_port_level_2",,,,,,,
Frisium,Frisium,Gaul,Belgium,Frisia,Frisia,Germania,Gaul,5,Wrong Area,Wetlands/Swamps/Marshes,Oceanic,-2,4,Shipwright,Yes,Lake,No,OK,"Farm4, wetlands, oceanic, base_port_level_2, rivertrade, irrigation_lake",,,,,,,
Siatutanda,Siatutanda,Germania,Upper Germania,Bructeria_Maior,Bructeria_Maior,Germania,Germania,9,,Wetlands/Swamps/Marshes,Oceanic,-2,4,No port,Yes,River,No,OK,"Farm4, wetlands, oceanic, rivertrade, irrigation_river",,,,,,,
Teuderium,Teuderium,Gaul,Belgium,Chamavia,Chamavia,Germania,Gaul,5,Wrong Area,Forest,Oceanic,-1,5,Needs Harbour,Yes,River,No,OK,"Farm5, forest, oceanic, base_port_level_0, rivertrade, irrigation_river",,,,,,,
Coeonoenum,Laciburgium,Germania,Upper Germania,Varinia,Varinia,Germania,Germania,9,Name Change,Wetlands/Swamps/Marshes,Continental,-1,4,Dockyard,Yes,Lake,No,OK,"Farm4, wetlands, continental, base_port_level_3, rivertrade, irrigation_lake",,,,,,,
Bunitium,Bunitium,Germania,Upper Germania,Sidonia_Vetus,Sidonia_Occidentalis,Germania,Germania,9,Name Change,Forest,Continental,-1,4,Trade Port,Yes,River,No,OK,"Farm4, forest, continental, base_port_level_1, rivertrade, irrigation_river",,,,,,,
Scurgum,Scurgum,Germania,Upper Germania,Bastarnia_Vetus,Bastarnia_Vetus,Germania,Germania,9,,Forest,Continental,-1,4,Needs Harbour,No,Lake,No,OK,"Farm4, forest, continental, base_port_level_0, irrigation_lake",,,,,,,
Ascaucalis,Ascaucalis,Germania,Upper Germania,Sciria,Sciria,Germania,Germania,9,,River Valley,Continental,-1,8,No port,Yes,River,No,OK,"Farm8, river_valley, continental, rivertrade, irrigation_river",,,,,,,
Helveconium,Helveconium,Germania,Upper Germania,Helveconia-Helisia,Helveconia,Germania,Germania,9,New Name Change,Wetlands/Swamps/Marshes,Continental,0,5,No port,Yes,River,No,OK,"Farm5, wetlands, continental, rivertrade, irrigation_river",,,,,,,
Didunium,Lugidunum,Germania,Central Germania,Didunia,Didunia,Germania,Germania,9,Name Change,Forest,Continental,0,5,No port,Yes,River,No,OK,"Farm5, forest, continental, rivertrade, irrigation_river",,,,,,,
Hirrium,,,,Hirria,,Germania,,9,Missing in Alt,Forest,Continental,-1,4,No port,Yes,River,No,OK,"Farm4, forest, continental, rivertrade, irrigation_river",or wetlands,,,,,,
Galindium,,,,Galindia,,Germania,,9,Missing in Alt,Wetlands/Swamps/Marshes,Continental,-1,4,No port,Yes,Lake,No,OK,"Farm4, wetlands, continental, rivertrade, irrigation_lake",or forest,,,,,,
Sudenium,,,,Sudenia,,Germania,,9,Missing in Alt,Forest,Continental,-1,4,No port,No,Lake,No,OK,"Farm4, forest, continental, irrigation_lake",,,,,,,
Tulisurgium,Tulisurgium,Germania,Central Germania,Fosia,Fosia,Germania,Germania,9,,Karst Terrain,Continental,1,4,No port,No,Springs,No,OK,"Farm4, karst_terrain, continental, irrigation_springs",,,,,,,
Variscium,Variscium,Germania,Central Germania,Variscia,Variscia,Germania,Germania,9,,Forest,Continental,1,6,No port,Yes,River,No,OK,"Farm6, forest, continental, rivertrade, irrigation_river",,,,,,,
Canduum,Luppia,Germania,Central Germania,Chattia,Chattia,Germania,Germania,9,Name Change,Forest,Continental,2,7,No port,Yes,River,No,OK,"Farm7, forest, continental, rivertrade, irrigation_river",,,,,,,
Bicurgium,Canduum,Germania,Central Germania,Canninefatia_Vetus,Canninefatia_Vetus,Germania,Germania,9,Name Change,Grassland,Continental,-1,7,No port,Yes,River,No,OK,"Farm7, grassland, continental, rivertrade, irrigation_river",salt and prophery stone,,,,,,
Burgundium,Burgundium,Germania,Scandinavia,Burgundia,Burgundia,Germania,Germania,9,,Small Islands/Rocky Coast,Continental,0,4,Shipwright,No,No,No,OK,"Farm4, small_islands_and_rocky_coast, continental, base_port_level_2",,,,,,,
Anglium,,,,Anglia,,Germania,,9,Missing in Alt,Forest,Oceanic,-1,5,Shipwright,No,Lake,No,OK,"Farm5, forest, oceanic, base_port_level_2, irrigation_lake",,,,,,,
Suardonium,,,,Suardonia,,Germania,,9,Missing in Alt,Grassland,Continental,-1,7,Shipwright,No,No,No,OK,"Farm7, grassland, continental, base_port_level_2",,,,,,,
Nuithonium,Nuithonium,Germania,Scandinavia,Nuithonia,Nuithonia,Germania,Germania,9,,Grassland,Continental,-2,6,Dockyard,No,Lake,No,OK,"Farm6, grassland, continental, base_port_level_3, irrigation_lake",,,,,,,
Castrum Gutarum,Castrum Gautorum,Germania,Scandinavia,Gutia_Orientalis,Gautia_Orientalis,Germania,Germania,9,Name Change,Forest,Continental,-1,4,Trade Port,No,Lake,No,OK,"Farm4, forest, continental, base_port_level_1, irrigation_lake",,,,,,,
Carbonium,,,,Carbonia,,Germania,,9,Missing in Alt,Wetlands/Swamps/Marshes,Sub-artic,0,3,No port,Yes,River,No,OK,"Farm3, wetlands, sub_artic, rivertrade, irrigation_river",,,,,,,
Stavanium,,,,Stavania,,Germania,,9,Missing in Alt,Forest,Continental,-1,4,No port,Yes,River,No,OK,"Farm4, forest, continental, rivertrade, irrigation_river",,,,,,,
Igyllionium,,,,Igyllionia,,Germania,,9,Missing in Alt,Wetlands/Swamps/Marshes,Continental,-2,3,No port,Yes,River,No,OK,"Farm3, wetlands, continental, rivertrade, irrigation_river",,,,,,,
Careotaeum,,,,Careotaea,,Germania,,9,Missing in Alt,Forest,Continental,-1,4,No port,Yes,River,No,OK,"Farm4, forest, continental, rivertrade, irrigation_river",,,,,,,
Salium,,,,Salia,,Germania,,9,Missing in Alt,Forest,Sub-artic,0,3,No port,Yes,River,No,OK,"Farm3, forest, sub_artic, rivertrade, irrigation_river",,,,,,,
Ampsivarium,,,,Ampsivaria,,Germania,,9,Missing in Alt,Wetlands/Swamps/Marshes,Oceanic,-1,5,Trade Port,No,River,No,OK,"Farm5, wetlands, oceanic, base_port_level_1, irrigation_river",,,,,,,
Tulifurdum,,,,Angrivaria,,Germania,,9,Missing in Alt,Forest,Oceanic,0,6,No port,Yes,River,No,OK,"Farm6, forest, oceanic, rivertrade, irrigation_river",tulifurnum?,,,,,,
Atmonium,,,,Atmonia_Vetus,,Germania,,9,Missing in Alt,Wetlands/Swamps/Marshes,Continental,0,5,Trade Port,No,Lake,No,OK,"Farm5, wetlands, continental, base_port_level_1, irrigation_lake",,,,,,,
Betasium,,,,Betasia,,Germania,,9,Missing in Alt,Forest,Oceanic,-1,5,No port,Yes,River,No,OK,"Farm5, forest, oceanic, rivertrade, irrigation_river",,,,,,,
Munitium,,,,Bructeria_Minor,,Germania,,9,Missing in Alt,Grassland,Oceanic,-2,7,No port,Yes,River,No,OK,"Farm7, grassland, oceanic, rivertrade, irrigation_river",,,,,,,
Caerosium,,,,Caerosia-Paemania,,Germania,,9,Missing in Alt,Hills,Temperate,-1,5,No port,No,River,No,OK,"Farm5, hills, temperate, irrigation_river",,,,,,,
Cistuia,,,,Caulcia-Campsiania,,Germania,,9,Missing in Alt,Forest,Oceanic,0,6,Trade Port,No,River,No,OK,"Farm6, forest, oceanic, base_port_level_1, irrigation_river",,,,,,,
Chasuarium,,,,Chasuaria-Dulgubnia,,Germania,,9,Missing in Alt,Forest,Oceanic,-1,5,No port,No,Springs,No,OK,"Farm5, forest, oceanic, irrigation_springs",,,,,,,
Chattuarium,,,,Chattuaria,,Germania,,9,Missing in Alt,Grassland,Oceanic,-2,7,No port,Yes,River,No,OK,"Farm7, grassland, oceanic, rivertrade, irrigation_river",,,,,,,
Antunnacum,,,,Condrusia-Segnia,,Germania,,9,Missing in Alt,Hills,Temperate,0,6,No port,Yes,River,No,OK,"Farm6, hills, temperate, rivertrade, irrigation_river",,,,,,,
Budoris,,,,Cugernia_Vetus,,Germania,,9,Missing in Alt,Hills,Temperate,-1,5,No port,No,River,No,OK,"Farm5, hills, temperate, irrigation_river",,,,,,,
Dulgubnium,,,,Dulgubnia,,Germania,,9,Last Cut,,,,,,,,,,#N/A,,,,,,,
Harudium,,,,Harudia,,Germania,,9,Missing in Alt,Wetlands/Swamps/Marshes,Oceanic,-1,5,Trade Port,No,Lake,No,OK,"Farm5, wetlands, oceanic, base_port_level_1, irrigation_lake",,,,,,,
Alisum,,,,Marsia_Vetus,,Germania,,9,Missing in Alt,Forest,Oceanic,0,6,No port,No,River,No,OK,"Farm6, forest, oceanic, irrigation_river",,,,,,,
Marvingium,Marvingium,Germania,Central Germania,Marvingia_Vetus,Marvingia_Vetus,Germania,Germania,9,,Grassland,Continental,-1,7,No port,No,Lake,No,OK,"Farm7, grassland, continental, irrigation_lake",,,,,,,
Mugilonium-Sibinium,Sibinium,Germania,Central Germania,Mugilonia-Sibinia,Sibinia,Germania,Germania,9,,River Valley,Continental,-2,7,No port,Yes,River,No,OK,"Farm7, river_valley, continental, rivertrade, irrigation_river",,,,,,,
Paemanium,,,,Paemania,,Germania,,9,Last Cut,,,,,,,,,,#N/A,,,,,,,
Reudignium,,,,Reudignia,,Germania,,9,Missing in Alt,Forest,Oceanic,0,6,Shipwright,Yes,River,No,OK,"Farm6, forest, oceanic, base_port_level_2, rivertrade, irrigation_river",,,,,,,
Segnium,,,,Segnia,,Germania,,9,Last Cut,,,,,,,,,,#N/A,,,,,,,
,Viritium,Germania,Upper Germania,,Sidonia_Vetus,Germania,Germania,9,Not in Main Map,,,,,,,,,,#N/A,,,,,,,
Sturium-Marsacium,,,,Sturia-Marsacia,,Germania,,9,Missing in Alt,Wetlands/Swamps/Marshes,Oceanic,-2,4,Shipwright,No,Lake,No,OK,"Farm4, wetlands, oceanic, base_port_level_2, irrigation_lake",,,,,,,
Sunicium-Texandrium,,,,Sunicia-Texandria,,Germania,,9,Missing in Alt,Wetlands/Swamps/Marshes,Oceanic,0,6,Trade Port,Yes,River,No,OK,"Farm6, wetlands, oceanic, base_port_level_1, rivertrade, irrigation_river",,,,,,,
Teutonium,Teutonium,Germania,Scandinavia,Teutonia,Teutonia,Germania,Germania,9,,Grassland,Continental,-2,6,Shipwright,No,River,No,OK,"Farm6, grassland, continental, base_port_level_2, irrigation_river",,,,,,,
Asciburgium,,,,Tubantia,,Germania,,9,Missing in Alt,Forest,Oceanic,-1,5,No port,Yes,River,No,OK,"Farm5, forest, oceanic, rivertrade, irrigation_river",,,,,,,
Zumium,,,,Zumia,,Germania,,9,Missing in Alt,Hills,Continental,1,6,No port,Yes,River,No,OK,"Farm6, hills, continental, rivertrade, irrigation_river",,,,,,,
Sitonium,,,,Sitonia,,Germania,,9,Missing in Alt,Forest,Sub-artic,1,4,Trade Port,Yes,Lake,No,OK,"Farm4, forest, sub_artic, base_port_level_1, rivertrade, irrigation_lake",,,,,,,
PANNONIA,,,,,,,,,,,,,,,,,,,,,,,,,,
Aquincum,Aquincum,Germania,Lower Germania,Eraviscia,Eraviscia,Pannonia,Germania,9,Wrong Area,Floodplains/Delta,Continental,-1,10,No port,Yes,River,No,OK,"Farm10, floodplains_delta, continental, rivertrade, irrigation_river",,,,,,,
Singidounon,Singidounon,Illyria,Scordisci,Skordiskia,Skordiskia,Pannonia,Pannonia,10,,River Valley,Continental,1,10,No port,Yes,River,Yes,OK,"Farm10, river_valley, continental, rivertrade, irrigation_river",,,,,,,
Poetovio,Poetovio,Germania,Lower Germania,Tauriscia,Tauriscia,Pannonia,Germania,9,Wrong Area,Forest,Continental,1,6,No port,Yes,River,No,OK,"Farm6, forest, continental, rivertrade, irrigation_river",,,,,,,
Sirmion,Sirmion,Illyria,Scordisci,Sirmia,Sirmia,Pannonia,Pannonia,10,,River Valley,Temperate,-1,9,No port,Yes,River,No,OK,"Farm9, river_valley, temperate, rivertrade, irrigation_river",,,,,,,
Azalium,Serota,Illyria,Pannonia,Azalia,Azalia,Pannonia,Pannonia,10,Last Cut,,,,,,,,,,#N/A,,,,,,,
Nauportos,Nauportos,Germania,Lower Germania,Tauriscia_Meridionalis,Tauriscia_Meridionalis,Pannonia,Germania,9,Wrong Area,Wetlands/Swamps/Marshes,Continental,0,5,No port,Yes,River,No,OK,"Farm5, wetlands, continental, rivertrade, irrigation_river",,,,,,,
,Tricciana,Germania,Lower Germania,,Pelsia_Meridionalis,Germania,Germania,9,Not in Main Map,,,,,,,,,,#N/A,,,,,,,
,Mogentiana,Germania,Lower Germania,,Pelsia_Occidentalis,Germania,Germania,9,Not in Main Map,,,,,,,,,,#N/A,,,,,,,
Sopianae,Sopianae,Illyria,Pannonia,Andizetia-Azalia,Andizetia,Pannonia,Pannonia,10,New Name Change,River Valley,Continental,-1,8,No port,No,River,No,OK,"Farm8, river_valley, continental, irrigation_river",,,,,,,
Scarbantia,,,,Tauriscia_Septentrionalis,,Pannonia,,10,Missing in Alt,Mountain Valley,Continental,2,8,No port,Yes,River,No,OK,"Farm8, mountain_valley, continental, rivertrade, irrigation_river",,,,,,,
Acervo,Acervo,Germania,Lower Germania,Tauriscia_Savica,Tauriscia_Savica,Pannonia,Germania,9,Wrong Area,Karst Terrain,Continental,1,4,No port,Yes,No,No,OK,"Farm4, karst_terrain, continental, rivertrade",,,,,,,
Ara Bona,Ara Bona,Germania,Lower Germania,Tauriscia_Orientalis,Tauriscia_Danubica,Pannonia,Germania,9,Name Change,Grassland,Continental,-1,7,No port,Yes,River,Yes,OK,"Farm7, grassland, continental, rivertrade, irrigation_river",,,,,,,
Tauriscium,,,,Tauriscia_Centralis,,Pannonia,,10,Missing in Alt,Grassland,Continental,0,8,No port,No,River,Yes,OK,"Farm8, grassland, continental, irrigation_river",,,,,,,
Neviodunum,Neviodunum,Germania,Lower Germania,Latobicia,Latobicia,Pannonia,Germania,9,Missing in Alt,River Valley,Continental,-2,7,No port,Yes,River,No,OK,"Farm7, river_valley, continental, rivertrade, irrigation_river",,,,,,,
Akouminkon,Akouminkon,Illyria,Scordisci,Boreia_Skordiskia,Boreia_Skordiskia,Pannonia,Pannonia,10,,Wetlands/Swamps/Marshes,Continental,1,6,No port,Yes,River,No,OK,"Farm6, wetlands, continental, rivertrade, irrigation_river",,,,,,,
Oppidum Eraviscorum,,,,Eraviscia_Occidentalis,,Pannonia,,10,Missing in Alt,Grassland,Continental,0,8,No port,No,Lake,No,OK,"Farm8, grassland, continental, irrigation_lake",,,,,,,
Cibalae,Cibalae,Illyria,Pannonia,Breucia,Breucia,Pannonia,Pannonia,10,,Wetlands/Swamps/Marshes,Temperate,1,7,No port,Yes,River,No,OK,"Farm7, wetlands, temperate, rivertrade, irrigation_river",,,,,,,
ILLYRIA,,,,,,,,,,,,,,,,,,,,,,,,,,
Segestica,Segestica,Illyria,Pannonia,Savia,Savia,Illyria,Pannonia,10,Wrong Area,Wetlands/Swamps/Marshes,Continental,2,7,No port,Yes,River,Yes,OK,"Farm7, wetlands, continental, rivertrade, irrigation_river",,,,,,,
Idassa,Idassa,Illyria,Northern Illyria,Liburnia,Liburnia,Illyria,Illyria,11,,Small Islands/Rocky Coast,Mediterranean,1,6,Shipwright,No,No,No,OK,"Farm6, small_islands_and_rocky_coast, mediterranean, base_port_level_2",,,,,,,
Epetion-Salona,Epetion-Salona,Illyria,Dalmatian Coast,Epetia-Salonitis,Epetia-Salonitis,Illyria,Illyria,11,,Karst Terrain,Mediterranean,1,5,Shipwright,Yes,River,Yes,OK,"Farm5, karst_terrain, mediterranean, base_port_level_2, rivertrade, irrigation_river",,,,,,,
Skodra,Skodra,Illyria,Central Illyira,Labeataia,Labeataia,Illyria,Illyria,11,,River Valley,Humid Sub-tropical,-1,9,Trade Port,Yes,River,Yes,OK,"Farm9, river_valley, humid_sub_tropical, base_port_level_1, rivertrade, irrigation_river",,,,,,,
Naissos,Naissos,Illyria,Dardania,Naissitania,Dardania,Illyria,Illyria,11,Name Change,Plateau,Continental,2,6,No port,Yes,River,Yes,OK,"Farm6, plateau, continental, rivertrade, irrigation_river",,,,,,,
Rhizon,Rhizon,Illyria,Central Illyira,Ardiaia,Ardiaia,Illyria,Illyria,11,,Karst Terrain,Continental,2,5,Dockyard,Yes,River,Yes,OK,"Farm5, karst_terrain, continental, base_port_level_3, rivertrade, irrigation_river",,,,,,,
Delmium,Delmium,Illyria,Dalmatian Coast,Delmatia,Delmatia,Illyria,Illyria,11,,Mountains,Continental,1,5,No port,No,Springs,No,OK,"Farm5, mountains, continental, irrigation_springs",,,,,,,
Daorson,Daorson,Illyria,Dalmatian Coast,Daorsia,Daorsia,Illyria,Illyria,11,,Small Islands/Rocky Coast,Mediterranean,0,5,Shipwright,Yes,River,Yes,OK,"Farm5, small_islands_and_rocky_coast, mediterranean, base_port_level_2, rivertrade, irrigation_river",,,,,,,
Pharos,Pharos,Illyria,Dalmatian Coast,Liburnonesoi,Liburnonesoi,Illyria,Illyria,11,,Small Islands/Rocky Coast,Mediterranean,0,5,Shipwright,No,Springs,Yes,OK,"Farm5, small_islands_and_rocky_coast, mediterranean, base_port_level_2, irrigation_springs",,,,,,,
Lychnidos,,,,Dassaretia,,Illyria,,11,Missing in Alt,Mountain Valley,Continental,0,6,No port,No,Lake,Yes,OK,"Farm6, mountain_valley, continental, irrigation_lake",,,,,,,
Dimale,Dimale,Illyria,Southern Illyria,Parthinia,Parthinia,Illyria,Illyria,11,,Mountain Valley,Continental,0,6,No port,No,River,Yes,OK,"Farm6, mountain_valley, continental, irrigation_river",,,,,,,
Byllis-Amantia,Byllis-Nikaia,Illyria,Southern Illyria,Byllionia-Amantia,Byllionia,Illyria,Illyria,11,New Name Change,Hills,Mediterranean,0,6,No port,No,River,Yes,OK,"Farm6, hills, mediterranean, irrigation_river",,,,,,,
Sesarethos,Sesarethos,Illyria,Southern Illyria,Taulantia,Taulantia,Illyria,Illyria,11,,Mountains,Continental,0,4,No port,No,No,Yes,OK,"Farm4, mountains, continental",,,,,,,
Arduba,Arduba,Illyria,Pannonia,Daesitiatia,Daesitiatia,Illyria,Pannonia,10,Wrong Area,Mountains,Continental,0,4,No port,No,River,No,OK,"Farm4, mountains, continental, irrigation_river",,,,,,,
Nesactium,Nesactium,Illyria,Northern Illyria,Histria,Histria,Illyria,Illyria,11,,Grassland,Humid Sub-tropical,-1,8,Shipwright,No,Springs,Yes,OK,"Farm8, grassland, humid_sub_tropical, base_port_level_2, irrigation_springs",,,,,,,
Metulum,Metulum,Illyria,Northern Illyria,Iapodia,Iapodia,Illyria,Illyria,11,,Forest,Continental,0,5,No port,Yes,No,Yes,OK,"Farm5, forest, continental, rivertrade",,,,,,,
Kapedounon,Kapedounon,Illyria,Scordisci,Hesperos_Skordiskia,Hesperos_Skordiskia,Illyria,Pannonia,10,Wrong Area,Plateau,Continental,-1,3,No port,Yes,River,No,OK,"Farm3, plateau, continental, rivertrade, irrigation_river",,,,,,,
Hyskana,Hyskana,Illyria,Southern Illyria,Penestia,Penestia,Illyria,Illyria,11,,Mountains,Continental,0,4,No port,No,River,Yes,OK,"Farm4, mountains, continental, irrigation_river",,,,,,,
Splonum,Splonum,Illyria,Pannonia,Maezaeia,Maezaeia,Illyria,Pannonia,10,Wrong Area,Hills,Continental,1,6,No port,No,River,Yes,OK,"Farm6, hills, continental, irrigation_river",,,,,,,
Dardanopolis,Dardanopolis,Illyria,Dardania,Dardania,Hesperos_Dardania,Illyria,Illyria,11,,Mountains,Continental,1,5,No port,No,No,Yes,OK,"Farm5, mountains, continental",,,,,,,
Meteon,Meteon,Illyria,Central Illyira,Boreios_Labeataia,Boreios_Labeataia,Illyria,Illyria,11,,Mountain Valley,Continental,0,6,No port,No,Lake,Yes,OK,"Farm6, mountain_valley, continental, irrigation_lake",,,,,,,
Dardanon Teichos,,,,Anatolike_Dardania,,Illyria,,11,Missing in Alt,Mountain Valley,Continental,0,6,No port,No,River,Yes,OK,"Farm6, mountain_valley, continental, irrigation_river",,,,,,,
Galabrion Teichos,,,,Galabria,,Illyria,,11,Missing in Alt,Mountain Valley,Continental,1,7,No port,No,River,Yes,OK,"Farm7, mountain_valley, continental, irrigation_river",,,,,,,
Amantia-Olympe,,,,Amantia,,Illyria,,11,Last Cut,,,,,,,,,,#N/A,,,,,,,
Issa,Issa,Illyria,Dalmatian Coast,Issa,Issa,Illyria,Illyria,11,,Small Islands/Rocky Coast,Mediterranean,1,6,Dockyard,No,Springs,Yes,OK,"Farm6, small_islands_and_rocky_coast, mediterranean, base_port_level_3, irrigation_springs",,,,,,,
Argyruntum,Argyruntum,Illyria,Northern Illyria,Sinus_Liburnicus,Sinus_Liburnicus,Illyria,Illyria,11,,Karst Terrain,Continental,0,3,Trade Port,No,Springs,Yes,OK,"Farm3, karst_terrain, continental, base_port_level_1, irrigation_springs",just timber and sheep,,,,,,
Promona,Promona,Illyria,Dalmatian Coast,Ditionesia,Ditionesia,Illyria,Illyria,11,,Mountain Valley,Temperate,0,7,No port,Yes,Springs,Yes,OK,"Farm7, mountain_valley, temperate, rivertrade, irrigation_springs",,,,,,,
Pelion,Pelion,Illyria,Southern Illyria,Orestike_Dassaretia,Dassaretia,Illyria,Illyria,11,,Mountain Valley,Continental,2,8,No port,No,Lake,Yes,OK,"Farm8, mountain_valley, continental, irrigation_lake",,,,,,,
Lissos,Lissos,Illyria,Southern Illyria,Illyria,Illyria,Illyria,Illyria,11,,Wetlands/Swamps/Marshes,Humid Sub-tropical,1,7,Shipwright,Yes,River,Yes,OK,"Farm7, wetlands, humid_sub_tropical, base_port_level_2, rivertrade, irrigation_river",,,,,,,
Narona,Narona,Illyria,Dalmatian Coast,Mania,Mania,Illyria,Illyria,11,,Hills,Mediterranean,1,7,Shipwright,Yes,River,Yes,OK,"Farm7, hills, mediterranean, base_port_level_2, rivertrade, irrigation_river",,,,,,,
,Apsorrus,Illyria,Northern Illyria,,Apsorus,Illyria,Illyria,11,Not in Main Map,,,,,,,,,,#N/A,,,,,,,
Athyinites,,,,Seniensia,,Illyria,,11,Missing in Alt,Small Islands/Rocky Coast,Humid Sub-tropical,-1,4,Trade Port,No,No,Yes,OK,"Farm4, small_islands_and_rocky_coast, humid_sub_tropical, base_port_level_1",,,,,,,
Korkyra Melaina,Korkyra Melaina,Illyria,Dalmatian Coast,Korkyra_Melaina,Korkyra_Melaina,Illyria,Illyria,11,,Small Islands/Rocky Coast,Mediterranean,-1,4,Shipwright,No,Springs,Yes,OK,"Farm4, small_islands_and_rocky_coast, mediterranean, base_port_level_2, irrigation_springs",,,,,,,
,Epidauros,Illyria,Central Illyira,,Epidauria,Illyria,Illyria,11,Not in Main Map,,,,,,,,,,#N/A,,,,,,,
Tarsatica,Tarsatica,Illyria,Northern Illyria,Liburnia_Septentrionalis,Liburnia_Septentrionalis,Illyria,Illyria,11,,Karst Terrain,Humid Sub-tropical,1,5,Dockyard,No,No,Yes,OK,"Farm5, karst_terrain, humid_sub_tropical, base_port_level_3",,,,,,,
Kreonion,,,,Basilike_Dassaretia,,Illyria,,11,Missing in Alt,Mountains,Continental,-1,3,No port,No,Lake,Yes,OK,"Farm3, mountains, continental, irrigation_lake",,,,,,,
Scardona,Scardona,Illyria,Northern Illyria,Liburnia_Orientalis,Liburnia_Orientalis,Illyria,Illyria,11,,Hills,Mediterranean,0,6,Trade Port,Yes,River,Yes,OK,"Farm6, hills, mediterranean, base_port_level_1, rivertrade, irrigation_river",,,,,,,
Orikon,,,,Akrokeraunia,,Illyria,,11,Missing in Alt,Mountains,Mediterranean,0,5,Shipwright,No,No,Yes,OK,"Farm5, mountains, mediterranean, base_port_level_2",,,,,,,
Olkinion,,,,Olkinia,,Illyria,,11,Missing in Alt,Karst Terrain,Mediterranean,0,4,Trade Port,No,Lake,Yes,OK,"Farm4, karst_terrain, mediterranean, base_port_level_1, irrigation_lake",,,,,,,
,Damastion,Illyria,Dardania,,Dyestesia,Illyria,Illyria,11,Not in Main Map,,,,,,,,,,#N/A,,,,,,,
Autariaton Teichos,Autariataiopolis,Illyria,Central Illyira,Autariataia,Autariataia,Illyria,Illyria,11,Name Change,Karst Terrain,Continental,1,4,No port,Yes,River,No,OK,"Farm4, karst_terrain, continental, rivertrade, irrigation_river",,,,,,,
Tragourion,Tragourion,Illyria,Dalmatian Coast,Tragouria,Tragouria,Illyria,Illyria,11,,Karst Terrain,Mediterranean,0,4,Trade Port,No,No,Yes,OK,"Farm4, karst_terrain, mediterranean, base_port_level_1",,,,,,,
Narenson Teichos,,,,Narensia,,Illyria,,11,Missing in Alt,Karst Terrain,Mediterranean,1,5,No port,No,River,Yes,OK,"Farm5, karst_terrain, mediterranean, irrigation_river",,,,,,,
Dournion,Dournion,Illyria,Southern Illyria,Kaouoi,Kaouoi,Illyria,Illyria,11,,Karst Terrain,Continental,1,4,No port,No,Springs,Yes,OK,"Farm4, karst_terrain, continental, irrigation_springs",,,,,,,
THRACE,,,,,,,,,,,,,,,,,,,,,,,,,,
Istrie,Istrie,Thrace,Thracian Pontic Coast,Halmyris,Halmyris,Thrace,Thrace,12,,Wetlands/Swamps/Marshes,Dry Sub-tropical,1,6,Dockyard,Yes,River,Yes,OK,"Farm6, wetlands, dry_sub_tropical, base_port_level_3, rivertrade, irrigation_river",,,,,,,
Helis,Helis,Thrace,North of Haimos,Hesperos_Getaia,Hesperos_Getaia,Thrace,Thrace,12,,Forest,Continental,1,6,No port,Yes,River,Yes,OK,"Farm6, forest, continental, rivertrade, irrigation_river",,,,,,,
Philippopolis,Philippopolis,Thrace,South of Haimos,Anatolike_Bessike,Anatolike_Bessike,Thrace,Thrace,12,,River Valley,Humid Sub-tropical,-1,9,No port,No,River,Yes,OK,"Farm9, river_valley, humid_sub_tropical, irrigation_river",,,,,,,
Ouskoudama,Odryssa,Thrace,South of Haimos,Brenaia,Odrysia,Thrace,Thrace,12,Name Change,Grassland,Mediterranean,0,9,No port,Yes,River,Yes,OK,"Farm9, grassland, mediterranean, rivertrade, irrigation_river",,,,,,,
Korelon Teichos,,,,,,Thrace,,,,Hills,Mediterranean,0,6,No port,No,River,No,OK,"Farm6, hills, mediterranean, irrigation_river",,,,,,,
Bylazora,Bylazora,Thrace,Western Thrace,Paionia,Paionia,Thrace,Thrace,12,,River Valley,Humid Sub-tropical,-1,9,No port,Yes,River,No,OK,"Farm9, river_valley, humid_sub_tropical, rivertrade, irrigation_river",,,,,,,
Amphipolis,Amphipolis,Thrace,Aegaean Thrace,Edonis,Edonis,Thrace,Thrace,12,,Mountains,Mediterranean,1,6,Shipwright,Yes,River,No,OK,"Farm6, mountains, mediterranean, base_port_level_2, rivertrade, irrigation_river",,,,,,,
Lysimacheia,Lysimacheia,Thrace,Aegaean Thrace,Kardia,Kardia,Thrace,Thrace,12,,Hills,Mediterranean,0,6,Shipwright,No,River,No,OK,"Farm6, hills, mediterranean, base_port_level_2, irrigation_river",,,,,,,
Byzantium,Byzantium,Thrace,Aegaean Thrace,Bosporos,Bosporos,Thrace,Thrace,12,,Grassland,Mediterranean,1,10,Dockyard,Yes,River,yes,OK,"Farm10, grassland, mediterranean, base_port_level_3, rivertrade, irrigation_river",,,,,,,
Kabyle,Kabyle,Thrace,South of Haimos,Kabylia,Kabylia,Thrace,Thrace,12,,Hills,Humid Sub-tropical,0,6,No port,No,River,Yes,OK,"Farm6, hills, humid_sub_tropical, irrigation_river",,,,,,,
Tylis,Tylis,Thrace,North of Haimos,Tylisia,Tylisia,Thrace,Thrace,12,,Karst Terrain,Continental,2,5,No port,No,No,Yes,OK,"Farm5, karst_terrain, continental",,,,,,,
Apollonia-Pontos,Apollonia-Pontos,Thrace,Thracian Pontic Coast,Antheia,Antheia,Thrace,Thrace,12,,Hills,Humid Sub-tropical,0,6,Dockyard,No,No,Yes,OK,"Farm6, hills, humid_sub_tropical, base_port_level_3",,,,,,,
Odessos,Odessos,Thrace,Thracian Pontic Coast,Odessia,Odessia,Thrace,Thrace,12,,Hills,Humid Sub-tropical,1,7,Shipwright,No,No,Yes,OK,"Farm7, hills, humid_sub_tropical, base_port_level_2",,,,,,,
Ratiaria,Ratiaria,Thrace,North of Haimos,Ratiariai,Ratiariai,Thrace,Thrace,12,,River Valley,Continental,-2,7,No port,Yes,River,No,OK,"Farm7, river_valley, continental, rivertrade, irrigation_river",,,,,,,
Oiskos,Oiskos,Thrace,North of Haimos,Triballia,Triballia,Thrace,Thrace,12,,Grassland,Continental,0,8,No port,Yes,River,No,OK,"Farm8, grassland, continental, rivertrade, irrigation_river",,,,,,,
Serdike,Serdike,Thrace,South of Haimos,Treria-Tilataia,Serdia,Thrace,Thrace,12,Name Change,Plateau,Continental,2,6,No port,No,River,Yes,OK,"Farm6, plateau, continental, irrigation_river",,,,,,,
Mesembria,Mesembria,Thrace,Thracian Pontic Coast,Mesambria,Mesambria,Thrace,Thrace,12,,Small Islands/Rocky Coast,Humid Sub-tropical,1,6,Shipwright,Yes,River,Yes,OK,"Farm6, small_islands_and_rocky_coast, humid_sub_tropical, base_port_level_2, rivertrade, irrigation_river",,,,,,,
Salmydessos,Salmydessos,Thrace,Thracian Pontic Coast,Thynia,Thynia,Thrace,Thrace,12,,Hills,Mediterranean,-2,4,Trade Port,No,No,Yes,OK,"Farm4, hills, mediterranean, base_port_level_1",,,,,,,
Kallatis,Kallatis,Thrace,Thracian Pontic Coast,Kallatisia,Kallatisia,Thrace,Thrace,12,,Grassland,Dry Sub-tropical,-2,6,Shipwright,Yes,No,Yes,OK,"Farm6, grassland, dry_sub_tropical, base_port_level_2, rivertrade",,,,,,,
Iamphorynna,Iamphorynna,Thrace,Western Thrace,Maidia,Maidia,Thrace,Thrace,12,,Mountain Valley,Continental,-1,5,No port,Yes,River,No,OK,"Farm5, mountain_valley, continental, rivertrade, irrigation_river",,,,,,,
Tomis,Tomis,Thrace,Thracian Pontic Coast,Tomisia,Tomisia,Thrace,Thrace,12,,Grassland,Dry Sub-tropical,-2,7,Shipwright,Yes,River,Yes,OK,"Farm7, grassland, dry_sub_tropical, base_port_level_2, rivertrade, irrigation_river",,,,,,,
Bizye,Bizye,Thrace,South of Haimos,Astia,Astia,Thrace,Thrace,12,,Forest,Mediterranean,0,6,No port,Yes,River,Yes,OK,"Farm6, forest, mediterranean, rivertrade, irrigation_river",,,,,,,
Stoboi,Stobi,Thrace,Western Thrace,Erigonia,Erigonia,Thrace,Thrace,12,New Name Change,Mountain Valley,Humid Sub-tropical,0,7,No port,Yes,River,No,OK,"Farm7, mountain_valley, humid_sub_tropical, rivertrade, irrigation_river",,,,,,,
Pautalia,Pautalia,Thrace,Western Thrace,Denthelentike,Denthelentike,Thrace,Thrace,12,,Mountain Valley,Continental,0,6,No port,Yes,River,No,OK,"Farm6, mountain_valley, continental, rivertrade, irrigation_river",,,,,,,
Keirpara,Bessapara,Thrace,South of Haimos,Bessike,Bessike,Thrace,Thrace,12,Name Change,Mountains,Continental,0,4,No port,Yes,River,Yes,OK,"Farm4, mountains, continental, rivertrade, irrigation_river",,,,,,,
Skoupi,Skoupi,Thrace,Western Thrace,Axios,Axios,Thrace,Thrace,12,,Mountain Valley,Continental,0,6,No port,Yes,River,No,OK,"Farm6, mountain_valley, continental, rivertrade, irrigation_river",,,,,,,
Abritos,,,,Dimensia-Piarensia,,Thrace,,12,Last Cut,,,,,,,,,,#N/A,,,,,,,
Triballon Teichos,,,,Hesperos_Triballia,,Thrace,,12,Missing in Alt,Karst Terrain,Continental,1,4,No port,No,Springs,No,OK,"Farm4, karst_terrain, continental, irrigation_springs",,,,,,,
Dourostoron,Dourostoron,Thrace,North of Haimos,Getaia,Getaia,Thrace,Thrace,12,,Floodplains/Delta,Dry Sub-tropical,-1,11,No port,Yes,River,Yes,OK,"Farm11, floodplains_delta, dry_sub_tropical, rivertrade, irrigation_river",,,,,,,
Beroia-Thraike,Beroe,Thrace,South of Haimos,Pyrogeria,Koilaletaia,Thrace,Thrace,12,Name Change,Grassland,Humid Sub-tropical,-2,7,No port,Yes,River,Yes,OK,"Farm7, grassland, humid_sub_tropical, rivertrade, irrigation_river",,,,,,,
Herakleia-Sintike,Herakleia-Sintike,Thrace,Western Thrace,Sintike,Sintike,Thrace,Thrace,12,,Mountain Valley,Humid Sub-tropical,-1,6,No port,Yes,River,No,OK,"Farm6, mountain_valley, humid_sub_tropical, rivertrade, irrigation_river",,,,,,,
Kypsela,Kypsela,Thrace,Aegaean Thrace,Hebros,Hebros,Thrace,Thrace,12,,River Valley,Mediterranean,-2,8,No port,Yes,River,No,OK,"Farm8, river_valley, mediterranean, rivertrade, irrigation_river",,,,,,,
Aigyssos,Aigyssos,Dacia,Northern Bulgaria,Aigyssia,Aigyssia,Thrace,Dacia,13,Wrong Area,Hills,Dry Sub-tropical,0,6,Shipwright,Yes,River,Yes,OK,"Farm6, hills, dry_sub_tropical, base_port_level_2, rivertrade, irrigation_river",,,,,,,
Abdera-Thraike,Abdera,Thrace,Aegaean Thrace,Hellenike_Bistonia,Sapaia,Thrace,Thrace,12,Name Change,Wetlands/Swamps/Marshes,Mediterranean,1,7,Shipwright,Yes,River,Yes,OK,"Farm7, wetlands, mediterranean, base_port_level_2, rivertrade, irrigation_river",,,,,,,
Perinthos,Perinthos,Thrace,Aegaean Thrace,Thraikie_Propontis,Thraikie_Propontis,Thrace,Thrace,12,,Grassland,Mediterranean,-2,7,Dockyard,No,No,yes,OK,"Farm7, grassland, mediterranean, base_port_level_3",,,,,,,
Maroneia,Maroneia,Thrace,Aegaean Thrace,Briantike-Korpilike,Briantike,Thrace,Thrace,12,Name Change,Hills,Mediterranean,0,6,Trade Port,Yes,River,No,OK,"Farm6, hills, mediterranean, base_port_level_1, rivertrade, irrigation_river",,,,,,,
Agrianon Teichos,,,,Agriania,,Thrace,,12,Missing in Alt,Mountain Valley,Humid Sub-tropical,-2,5,No port,No,River,Yes,OK,"Farm5, mountain_valley, humid_sub_tropical, irrigation_river",,,,,,,
COAST OF SOUTHERN THRACE,,,,,,,,,,,,,,,,,,,,,,,,,,
Philippoi,Philippoi,Thrace,Aegaean Thrace,Datos,Datos,Thrace,Thrace,12,,Mountain Valley,Mediterranean,0,7,Shipwright,Yes,River,No,OK,"Farm7, mountain_valley, mediterranean, base_port_level_2, rivertrade, irrigation_river",,,,,,,
,Bisanthe,Thrace,Aegaean Thrace,,Bisanthike,Thrace,Thrace,12,Not in Main Map,,,,,,,,,,#N/A,,,,,,,
Selymbria,,,,Tranipsia-Melanditaia,,Thrace,,12,Missing in Alt,Grassland,Mediterranean,-2,7,Trade Port,No,No,Yes,OK,"Farm7, grassland, mediterranean, base_port_level_1",,,,,,,
Ainos,,,,Poltymbria,,Thrace,,12,Missing in Alt,Hills,Mediterranean,0,6,Trade Port,Yes,River,Yes,OK,"Farm6, hills, mediterranean, base_port_level_1, rivertrade, irrigation_river",,,,,,,
ISLANDS SOUTH OF THRACE,,,,,,,,,,,,,,,,,,,,,,,,,,
Samothrake,Samothrake,Thrace,Aegaean Thrace,Samothrake,Samothrake,Thrace,Thrace,12,,Mountains,Mediterranean,-1,4,Shipwright,No,No,yes,OK,"Farm4, mountains, mediterranean, base_port_level_2",,,,,,,
Thasos,Thasos,Thrace,Aegaean Thrace,Thasos,Thasos,Thrace,Thrace,12,,Mountains,Mediterranean,0,5,Dockyard,No,No,Yes,OK,"Farm5, mountains, mediterranean, base_port_level_3",,,,,,,
Imbros,,,,Imbros,,Thrace,,12,Last Cut,,,,,,,,,,#N/A,,,,,,,
THRACIAN CHERSONESOS,,,,,,,,,,,,,,,,,,,,,,,,,,
Elaious,,,,Elaiousa,,Thrace,,12,Missing in Alt,Small Islands/Rocky Coast,Mediterranean,0,5,Trade Port,No,Springs,Yes,OK,"Farm5, small_islands_and_rocky_coast, mediterranean, base_port_level_1, irrigation_springs",,,,,,,
SOUTHERN INTERIOR OF THRACE,,,,,,,,,,,,,,,,,,,,,,,,,,
Apros,Apros,Thrace,Aegaean Thrace,Kainia,Kainia,Thrace,Thrace,12,,Hills,Mediterranean,1,7,Trade Port,Yes,River,No,OK,"Farm7, hills, mediterranean, base_port_level_1, rivertrade, irrigation_river",,,,,,,
Dion Teichos,Diopolis,Thrace,South of Haimos,Diotike,Diotike,Thrace,Thrace,12,Name Change,Karst Terrain,Continental,1,4,No port,No,No,Yes,OK,"Farm4, karst_terrain, continental",,,,,,,
Nastos,,,,Sapaia-Bistonia,,Thrace,,12,Missing in Alt,Mountain Valley,Mediterranean,0,7,Needs Harbour,No,River,Yes,OK,"Farm7, mountain_valley, mediterranean, base_port_level_0, irrigation_river",,,,,,,
EAST COAST OF THRACE,,,,,,,,,,,,,,,,,,,,,,,,,,
Debelton,Debelton,Thrace,South of Haimos,Kyrmianaia-Nipsaia,Kyrmianaia-Nipsaia,Thrace,Thrace,12,,Wetlands/Swamps/Marshes,Humid Sub-tropical,0,6,No port,Yes,River,Yes,OK,"Farm6, wetlands, humid_sub_tropical, rivertrade, irrigation_river",,,,,,,
Dionysopolis,,,,Krounio,,Thrace,,12,Missing in Alt,Small Islands/Rocky Coast,Humid Sub-tropical,0,5,Trade Port,No,No,Yes,OK,"Farm5, small_islands_and_rocky_coast, humid_sub_tropical, base_port_level_1",,,,,,,
,Tirizis,Thrace,Thracian Pontic Coast,,Terizia,Thrace,Thrace,12,Not in Main Map,,,,,,,,,,#N/A,,,,,,,
Seuthopolis,Seuthopolis,Thrace,South of Haimos,Odrysia,Basilike_Odrysia,Thrace,Thrace,12,Name Change,Mountain Valley,Continental,1,7,No port,Yes,River,Yes,OK,"Farm7, mountain_valley, continental, rivertrade, irrigation_river",,,,,,,
Skaidaoua,Skaidaoua,Thrace,North of Haimos,Oitensia,Oitensia,Thrace,Thrace,12,,River Valley,Continental,-1,8,No port,Yes,River,Yes,OK,"Farm8, river_valley, continental, rivertrade, irrigation_river",,,,,,,
Artakon Teichos,,,,Artakia,,Thrace,,12,Missing in Alt,Forest,Continental,0,5,No port,No,Springs,Yes,OK,"Farm5, forest, continental, irrigation_springs",,,,,,,
Koilaleton Teichos,Tilataiopolis,Thrace,South of Haimos,Koilaletia,Notia_Triballia,Thrace,Thrace,12,Name Change,Mountain Valley,Continental,-1,5,No port,Yes,River,Yes,OK,"Farm5, mountain_valley, continental, rivertrade, irrigation_river",,,,,,,
SCYTHIA MINOR,,,,,,,,,,,,,,,,,,,,,,,,,,
,Aroubion,Dacia,Northern Bulgaria,,Trogodytaia,Thrace,Dacia,13,Not in Main Map,,,,,,,,,,#N/A,,,,,,,
Trogodyton Teichos,,,,Trogodytaia,,Thrace,,12,Missing in Alt,Wetlands/Swamps/Marshes,Dry Sub-tropical,0,5,No port,Yes,River,Yes,OK,"Farm5, wetlands, dry_sub_tropical, rivertrade, irrigation_river",,,,,,,
Kapidaua,Kapidaua,Thrace,North of Haimos,Krobyzia,Krobyzia,Thrace,Thrace,12,,Grassland,Dry Sub-tropical,-1,7,No port,Yes,No,Yes,OK,"Farm7, grassland, dry_sub_tropical, rivertrade",,,,,,,
DACIA,,,,,,,,,,,,,,,,,,,,,,,,,,
Sarmizegetusa,Sarmizegetusa,Dacia,Dacia,Dacia,Sargetiaea,Dacia,Dacia,13,Name Change,Mountain Valley,Continental,1,7,No port,No,River,Yes,OK,"Farm7, mountain_valley, continental, irrigation_river",,,,,,,
Tyras,Tyras,Steppes,Scythia,Tyrasia,Tyrasia,Dacia,Steppes,15,Wrong Area,Wetlands/Swamps/Marshes,Dry Sub-tropical,1,6,Shipwright,Yes,River,No,OK,"Farm6, wetlands, dry_sub_tropical, base_port_level_2, rivertrade, irrigation_river",,,,,,,
Argidava,Argidava,Dacia,Dacia,Ceiagisia,Buridavensia_Orientalis,Dacia,Dacia,13,Name Change,Grassland,Continental,-1,7,No port,Yes,River,Yes,OK,"Farm7, grassland, continental, rivertrade, irrigation_river",check name,,,,,,
Buridava,Buridava,Dacia,Dacia,Buridavensia,Buridavensia,Dacia,Dacia,13,,Mountain Valley,Continental,0,6,No port,Yes,River,Yes,OK,"Farm6, mountain_valley, continental, rivertrade, irrigation_river",,,,,,,
Arcidava,Arcidava,Dacia,Dacia,Albocensia,Albocensia,Dacia,Dacia,13,,Forest,Continental,1,6,No port,Yes,River,Yes,OK,"Farm6, forest, continental, rivertrade, irrigation_river",,,,,,,
,Dacidava,Dacia,Dacia,,Dacia,Dacia,Dacia,13,Not in Main Map,,,,,,,,,,#N/A,,,,,,,
,Petrodava,Dacia,Dacia,,Caucoensia_Septentrionalis,Dacia,Dacia,13,Not in Main Map,,,,,,,,,,#N/A,,,,,,,
Piroboridaua,Piroboridaua,Dacia,Dacia,Carpiania_Meridionalis,Carpiania_Meridionalis,Dacia,Dacia,13,Last Cut,,,,,,,,,,#N/A,,,,,,,
Erakton,Erakton,Dacia,Dacia,Britolagia,Britolagia,Dacia,Dacia,13,,Plateau,Continental,2,6,No port,No,River,Yes,OK,"Farm6, plateau, continental, irrigation_river",,,,,,,
Predavensium,Marcodava,Dacia,Dacia,Predavensia,Predavensia,Dacia,Dacia,13,Name Change,Grassland,Continental,0,8,No port,Yes,River,No,OK,"Farm8, grassland, continental, rivertrade, irrigation_river",,,,,,,
Apulum,,,,Apula,,Dacia,,13,Missing in Alt,Mountains,Continental,-1,3,No port,Yes,River,Yes,OK,"Farm3, mountains, continental, rivertrade, irrigation_river",,,,,,,
Teuriscium,Arcobadara,Dacia,Dacia,Teuriscia,Teuriscia,Dacia,Dacia,13,Name Change,Mountain Valley,Continental,0,6,No port,Yes,River,No,OK,"Farm6, mountain_valley, continental, rivertrade, irrigation_river",,,,,,,
Zusidava,Zusidava,Dacia,Dacia,Sensia,Sensia,Dacia,Dacia,13,,Grassland,Continental,-1,7,No port,No,River,Yes,OK,"Farm7, grassland, continental, irrigation_river",,,,,,,
,Carsidava,Dacia,Dacia,,Carsia,Dacia,Dacia,13,Not in Main Map,,,,,,,,,,#N/A,,,,,,,
Napoca,Napoca,Dacia,Dacia,Napocaea,Napocaea,Dacia,Dacia,13,,Plateau,Continental,1,5,No port,No,River,Yes,OK,"Farm5, plateau, continental, irrigation_river",,,,,,,
,Ramidava,Dacia,Dacia,,Cotensia,Dacia,Dacia,13,Not in Main Map,,,,,,,,,,#N/A,,,,,,,
Rhatacensium,,,,,Rhatacensia,Dacia,,13,Missing in Alt,Plateau,Continental,1,5,No port,No,River,Yes,OK,"Farm5, plateau, continental, irrigation_river",,,,,,,
Netindava,Netindava,Dacia,Dacia,Piephigia,Piephigia,Dacia,Dacia,13,,Grassland,Continental,0,8,No port,Yes,River,Yes,OK,"Farm8, grassland, continental, rivertrade, irrigation_river",,,,,,,
Ansamenium,Porolissum,Dacia,Dacia,Ansamenia,Ansamenia,Dacia,Dacia,13,Name Change,Hills,Continental,1,6,No port,No,Lake,Yes,OK,"Farm6, hills, continental, irrigation_lake",,,,,,,
Arpis,Arpis,Dacia,Dacia,Arpia,Arpia,Dacia,Dacia,13,,Wetlands/Swamps/Marshes,Dry Sub-tropical,0,5,Trade Port,No,River,Yes,OK,"Farm5, wetlands, dry_sub_tropical, base_port_level_1, irrigation_river",,,,,,,
,Arsonium,Germania,Central Germania,,Avarinia,Dacia,Germania,9,Not in Main Map,,,,,,,,,,#N/A,,,,,,,
Carrodunum-Ambronia,Carrodunum-Ambronea,Germania,Central Germania,Ambronia,Ambronea,Dacia,Germania,9,Name Change,Forest,Continental,0,5,No port,No,River,No,OK,"Farm5, forest, continental, irrigation_river",,,,,,,
Coisstobocum,Coisstobocum,Germania,Lower Germania,Coisstobocia_Transmontana,Coisstobocia_Transmontana,Dacia,Germania,9,Wrong Area,Forest,Continental,0,5,No port,No,River,No,OK,"Farm5, forest, continental, irrigation_river",,,,,,,
Maetonium,Maetonium,Germania,Lower Germania,Anartophractia,Anartophractia,Dacia,Germania,9,Wrong Area,Mountain Valley,Continental,1,7,No port,No,River,No,OK,"Farm7, mountain_valley, continental, irrigation_river",,,,,,,
Clepidava,Clepidava,Germania,Lower Germania,Biessia,Biessia,Dacia,Germania,9,Wrong Area,River Valley,Continental,-1,8,No port,No,River,No,OK,"Farm8, river_valley, continental, irrigation_river",,,,,,,
Tyragetaike Kome,Tyragetaike Kome,Dacia,Dacia,Tyragetia,Tyragetia,Dacia,Dacia,13,,Grassland,Continental,-1,7,No port,Yes,River,Yes,OK,"Farm7, grassland, continental, rivertrade, irrigation_river",,,,,,,
Vibantarium,Vibantarium,Dacia,Dacia,Coisstobocia,Coisstobocia,Dacia,Dacia,13,,Forest,Continental,0,5,No port,No,River,Yes,OK,"Farm5, forest, continental, irrigation_river",,,,,,,
Saldensium,,,,Saldensia,,Dacia,,13,Missing in Alt,River Valley,Continental,0,9,No port,Yes,River,No,OK,"Farm9, river_valley, continental, rivertrade, irrigation_river",,,,,,,
Tapae,Tapae,Dacia,Dacia,Biephia,Biephia_Orientalis,Dacia,Dacia,13,,River Valley,Continental,-1,8,No port,No,River,No,OK,"Farm8, river_valley, continental, irrigation_river",,,,,,,
Drobeta,Drobeta,Dacia,Dacia,Albocensia_Orientalis,Albocensia_Orientalis,Dacia,Dacia,13,,Hills,Continental,1,6,No port,Yes,River,No,OK,"Farm6, hills, continental, rivertrade, irrigation_river",,,,,,,
Tamasidava,Tamasidava,Dacia,Dacia,Carpiania,Carpiania,Dacia,Dacia,13,,Hills,Continental,2,7,No port,Yes,River,Yes,OK,"Farm7, hills, continental, rivertrade, irrigation_river",,,,,,,
Cumidava,Cumidava,Dacia,Dacia,Cotensia,Cotensia_Septentrionalis,Dacia,Dacia,13,Name Change,Mountain Valley,Continental,0,6,No port,No,River,Yes,OK,"Farm6, mountain_valley, continental, irrigation_river",,,,,,,
Zargidava,Zargidava,Dacia,Dacia,Caucoensia,Carpiania_Occidentalis,Dacia,Dacia,13,Name Change,Mountain Valley,Continental,0,6,No port,Yes,River,Yes,OK,"Farm6, mountain_valley, continental, rivertrade, irrigation_river",,,,,,,
Patridava,,,,Coisstobocia_Meridionalis,,Dacia,,13,Missing in Alt,Plateau,Continental,1,5,No port,Yes,River,Yes,OK,"Farm5, plateau, continental, rivertrade, irrigation_river",,,,,,,
Arcinna,,,,Buridavensia_Meridionalis,,Dacia,,13,Missing in Alt,Hills,Continental,2,7,No port,No,River,No,OK,"Farm7, hills, continental, irrigation_river",,,,,,,
Acidava,,,,Potulatensia,,Dacia,,13,Missing in Alt,Grassland,Continental,-1,7,No port,No,River,No,OK,"Farm7, grassland, continental, irrigation_river",,,,,,,
WESTERN DACIA,,,,,,,,,,,,,,,,,,,,,,,,,,
Zurobara,Zurobara,Dacia,Dacia,Biephia,Biephia,Dacia,Dacia,13,Last Cut,,,,,,,,,,#N/A,REBORDER,,,,,,
,Partiscum,Germania,Lower Germania,,Eraviscia_Ultima,Dacia,Germania,9,Not in Main Map,,,,,,,,,,#N/A,,,,,,,
Oppidum Anartorum,Castrum Anartorum,Germania,Lower Germania,,Anartia,Dacia,Germania,9,Name Change,Mountain Valley,Continental,2,8,No port,Yes,River,No,OK,"Farm8, mountain_valley, continental, rivertrade, irrigation_river",,,,,,,
Bormanum,Bormanum,Germania,Lower Germania,Eraviscia_Orientalis,Anartia_Centralis,Dacia,Germania,9,Name Change,Grassland,Continental,-1,7,No port,Yes,River,No,OK,"Farm7, grassland, continental, rivertrade, irrigation_river",,,,,,,
Eraviscium,Osiorum,Germania,Lower Germania,Eraviscia_Septentrionalis,Osia_Orientalis,Dacia,Germania,9,Name Change,Forest,Continental,1,6,No port,No,River,No,OK,"Farm6, forest, continental, irrigation_river",,,,,,,
Castrum Anartorum,,,,Anartia_Orientalis,,Dacia,,13,Missing in Alt,Mountain Valley,Continental,1,7,No port,No,River,No,OK,"Farm7, mountain_valley, continental, irrigation_river",,,,,,,
Oppidum Teuriscorum,,,,Teuriscia_Orientalis,,Dacia,,13,Missing in Alt,Grassland,Continental,-1,7,No port,Yes,River,No,OK,"Farm7, grassland, continental, rivertrade, irrigation_river",,,,,,,
GREECE,,,,,,,,,,,,,,,,,,,,,,,,,,
Apollonia-Epeiros,Apollonia-Epeiros,Illyria,Southern Illyria,Gylakeia,Gylakeia,Greece,Illyria,11,Wrong Area,Wetlands/Swamps/Marshes,Mediterranean,1,7,Dockyard,Yes,River,Yes,OK,"Farm7, wetlands, mediterranean, base_port_level_3, rivertrade, irrigation_river",,,,,,,
Thermon,Thermon,Greece,Northwestern Greece,Aitolia,Aitolia,Greece,Greece,14,,Mountains,Mediterranean,2,7,Needs Harbour,No,Lake,No,OK,"Farm7, mountains, mediterranean, base_port_level_0, irrigation_lake",,,,,,,
Pella,Pella,Greece,Macedon & Chalkidike,Emathia,Emathia,Greece,Greece,14,,River Valley,Humid Sub-tropical,0,10,Trade Port,Yes,River,Yes,OK,"Farm10, river_valley, humid_sub_tropical, base_port_level_1, rivertrade, irrigation_river",,,,,,,
Larissa,Larissa,Greece,Thessaly,Thessalia,Thessalia,Greece,Greece,14,,River Valley,Mediterranean,0,10,No port,Yes,River,No,OK,"Farm10, river_valley, mediterranean, rivertrade, irrigation_river",,,,,,,
Orchomenos,Orchomenos,Greece,Attika & Central Greece,Boiotia,Boiotia,Greece,Greece,14,,Grassland,Mediterranean,0,9,Trade Port,No,lake,Yes,OK,"Farm9, grassland, mediterranean, base_port_level_1, irrigation_lake",,,,,,,
Chalkis,Chalkis,Greece,Euboia,Euboia,Euboia,Greece,Greece,14,,Mountain Valley,Mediterranean,0,7,Dockyard,no,River,Yes,OK,"Farm7, mountain_valley, mediterranean, base_port_level_3, irrigation_river",,,,,,,
Athens,Athens,Greece,Attika & Central Greece,Attike,Attike,Greece,Greece,14,,Hills,Mediterranean,0,6,Trade Port,No,No,Yes,OK,"Farm6, hills, mediterranean, base_port_level_1",,,,,,,
Corinth,Corinth,Greece,Peloponnese ,Korinthia,Korinthia,Greece,Greece,14,,Hills,Mediterranean,0,6,Dockyard,no,River,Yes,OK,"Farm6, hills, mediterranean, base_port_level_3, irrigation_river",,,,,,,
Aigion,Aigion,Greece,Peloponnese ,Achaia,Achaia,Greece,Greece,14,,Mountains,Mediterranean,0,5,Shipwright,no,River,Yes,OK,"Farm5, mountains, mediterranean, base_port_level_2, irrigation_river",,,,,,,
Sparta,Sparta,Greece,Peloponnese ,Lakonia,Lakonia,Greece,Greece,14,,Mountain Valley,Mediterranean,-1,6,No port,no,River,Yes,OK,"Farm6, mountain_valley, mediterranean, irrigation_river",,,,,,,
Gortyna,Gortyna,Greece,Crete,Gortynia,Gortynia,Greece,Greece,14,,Grassland,Mediterranean,-2,7,Shipwright,no,River,yes,OK,"Farm7, grassland, mediterranean, base_port_level_2, irrigation_river",,,,,,,
Mytilene,Mytilene,Asia Minor,Ionia,Lesbos,Lesbos,Greece,Asia Minor,16,Wrong Area,Small Islands/Rocky Coast,Mediterranean,1,6,Dockyard,No,Springs,Yes,OK,"Farm6, small_islands_and_rocky_coast, mediterranean, base_port_level_3, irrigation_springs",,,,,,,
Rhodes,Rhodes,Asia Minor,Ionia,Rhodos,Rhodos,Greece,Asia Minor,16,Wrong Area,Small Islands/Rocky Coast,Mediterranean,1,6,Dockyard,No,Springs,Yes,OK,"Farm6, small_islands_and_rocky_coast, mediterranean, base_port_level_3, irrigation_springs",,,,,,,
Thessalonike,Thessalonike,Greece,Macedon & Chalkidike,Mygdonia,Mygdonia,Greece,Greece,14,,Hills,Humid Sub-tropical,1,7,Dockyard,No,Lake,No,OK,"Farm7, hills, humid_sub_tropical, base_port_level_3, irrigation_lake",,,,,,,
Kassandreia,Kassandreia,Greece,Macedon & Chalkidike,Chalkidike,Chalkidike,Greece,Greece,14,,Hills,Mediterranean,1,7,Shipwright,No,No,Yes,OK,"Farm7, hills, mediterranean, base_port_level_2",,,,,,,
Epidamnos,Epidamnos,Illyria,Southern Illyria,Epidamnia,Epidamnia,Greece,Illyria,11,Wrong Area,Hills,Mediterranean,0,6,Dockyard,No,No,Yes,OK,"Farm6, hills, mediterranean, base_port_level_3",,,,,,,
Ambrakia,Ambrakia,Greece,Epeiros,Ambrakikos_Kolpos,Ambrakikos_Kolpos,Greece,Greece,14,,Mountain Valley,Mediterranean,0,7,Dockyard,Yes,Lake,Yes,OK,"Farm7, mountain_valley, mediterranean, base_port_level_3, rivertrade, irrigation_lake",,,,,,,
Korkyra,Korkyra,Greece,Epeiros,Kerkyra,Kerkyra,Greece,Greece,14,,Small Islands/Rocky Coast,Mediterranean,2,7,Shipwright,no,No,No,OK,"Farm7, small_islands_and_rocky_coast, mediterranean, base_port_level_2",,,,,,,
Demetrias,Demetrias,Greece,Thessaly,Magnesia,Magnesia,Greece,Greece,14,,Mountain Valley,Mediterranean,0,7,Shipwright,No,River,Yes,OK,"Farm7, mountain_valley, mediterranean, base_port_level_2, irrigation_river",,,,,,,
Elis,Elis,Greece,Peloponnese ,Elis,Elis,Greece,Greece,14,,Grassland,Mediterranean,-1,8,Shipwright,no,River,Yes,OK,"Farm8, grassland, mediterranean, base_port_level_2, irrigation_river",,,,,,,
Megalopolis,Megalopolis,Greece,Peloponnese ,Arkadia,Arkadia,Greece,Greece,14,,Plateau,Mediterranean,1,6,No port,no,River,Yes,OK,"Farm6, plateau, mediterranean, irrigation_river",,,,,,,
Naxos,Naxos,Greece,Aegean Islands,Kyklades,Kyklades,Greece,Greece,14,,Small Islands/Rocky Coast,Mediterranean,0,5,Shipwright,no,Springs,yes,OK,"Farm5, small_islands_and_rocky_coast, mediterranean, base_port_level_2, irrigation_springs",,,,,,,
Knosos,Knosos,Greece,Crete,Minoa,Minoa,Greece,Greece,14,,Mountain Valley,Mediterranean,-1,6,Dockyard,no,River,yes,OK,"Farm6, mountain_valley, mediterranean, base_port_level_3, irrigation_river",,,,,,,
Tanagra,Tanagra,Greece,Attika & Central Greece,Poimandris,Poimandris,Greece,Greece,14,,Hills,Mediterranean,1,7,Trade Port,No,River,Yes,OK,"Farm7, hills, mediterranean, base_port_level_1, irrigation_river",,,,,,,
Kos,Kos,Asia Minor,Ionia,Kos,Kos,Greece,Asia Minor,16,Wrong Area,Small Islands/Rocky Coast,Mediterranean,1,6,Shipwright,No,Springs,Yes,OK,"Farm6, small_islands_and_rocky_coast, mediterranean, base_port_level_2, irrigation_springs",,,,,,,
Samos,Samos,Asia Minor,Ionia,Samos,Samos,Greece,Asia Minor,16,Wrong Area,Small Islands/Rocky Coast,Mediterranean,1,6,Dockyard,No,Springs,Yes,OK,"Farm6, small_islands_and_rocky_coast, mediterranean, base_port_level_3, irrigation_springs",,,,,,,
Lamia,Lamia,Greece,Thessaly,Malis-Ainis,Malis-Ainis,Greece,Greece,14,,Mountain Valley,Mediterranean,-1,6,Shipwright,No,River,No,OK,"Farm6, mountain_valley, mediterranean, base_port_level_2, irrigation_river",,,,,,,
Argos Orestikon,Argos Orestikon,Greece,Macedon & Chalkidike,Orestis-Elimeia,Orestis,Greece,Greece,14,New Name Change,Plateau,Temperate,1,6,No port,No,No,Yes,OK,"Farm6, plateau, temperate",,,,,,,
Mantineia,Mantineia,Greece,Peloponnese ,Mantineia,Mantineia,Greece,Greece,14,,Karst Terrain,Mediterranean,0,4,No port,no,River,Yes,OK,"Farm4, karst_terrain, mediterranean, irrigation_river",,,,,,,
Oiniadai,Oiniadai,Greece,Northwestern Greece,Acheloos,Acheloos,Greece,Greece,14,,Wetlands/Swamps/Marshes,Mediterranean,0,6,Shipwright,No,River,No,OK,"Farm6, wetlands, mediterranean, base_port_level_2, irrigation_river",,,,,,,
Pharsalos,Pharsalos,Greece,Thessaly,Thessaliotis,Thessaliotis,Greece,Greece,14,,Grassland,Mediterranean,0,9,No port,No,River,Yes,OK,"Farm9, grassland, mediterranean, irrigation_river",,,,,,,
Kydonia,Kydonia,Greece,Crete,Kydoniatis,Kydoniatis,Greece,Greece,14,,Mountain Valley,Mediterranean,-1,6,Shipwright,no,no,no,OK,"Farm6, mountain_valley, mediterranean, base_port_level_2",,,,,,,
Hierapytna,Hierapytna,Greece,Crete,Hierapytnia,Hierapytnia,Greece,Greece,14,,Mountains,Mediterranean,0,5,Dockyard,no,no,yes,OK,"Farm5, mountains, mediterranean, base_port_level_3",,,,,,,
Messene,Messene,Greece,Peloponnese ,Messenia,Messenia,Greece,Greece,14,,Mountain Valley,Mediterranean,1,8,Trade Port,no,River,Yes,OK,"Farm8, mountain_valley, mediterranean, base_port_level_1, irrigation_river",,,,,,,
Phoinike,Phoinike,Greece,Epeiros,Chaonia,Chaonia,Greece,Greece,14,,Mountain Valley,Mediterranean,-1,6,Trade Port,no,River,No,OK,"Farm6, mountain_valley, mediterranean, base_port_level_1, irrigation_river",,,,,,,
Passaron,Passaron,Greece,Epeiros,Molossia,Molossia,Greece,Greece,14,,Hills,Mediterranean,-1,5,No port,no,No,No,OK,"Farm5, hills, mediterranean",,,,,,,
Sikyon,Sikyon,Greece,Peloponnese ,Sikyonia,Sikyonia,Greece,Greece,14,,Hills,Mediterranean,-1,5,Trade Port,no,River,Yes,OK,"Farm5, hills, mediterranean, base_port_level_1, irrigation_river",,,,,,,
Delphoi,Delphoi,Greece,Attika & Central Greece,Pytho,Pytho,Greece,Greece,14,,Mountains,Mediterranean,0,5,Trade Port,No,River,Yes,OK,"Farm5, mountains, mediterranean, base_port_level_1, irrigation_river",,,,,,,
Oreos,Oreos,Greece,Euboia,Histiaia,Histiaia,Greece,Greece,14,,Hills,Mediterranean,0,6,Trade Port,no,no,Yes,OK,"Farm6, hills, mediterranean, base_port_level_1",,,,,,,
Dion,,,,Pieria,,Greece,Greece,14,Missing in Alt,Mountain Valley,Mediterranean,0,7,Needs Harbour,No,River,Yes,OK,"Farm7, mountain_valley, mediterranean, base_port_level_0, irrigation_river",also has wetlands,,,,,,
Olympia,Olympia,Greece,Peloponnese ,Pisatis,Pisatis,Greece,Greece,14,,Hills,Mediterranean,0,6,Needs Harbour,no,River,Yes,OK,"Farm6, hills, mediterranean, base_port_level_0, irrigation_river",,,,,,,
Polyrrhenia,Polyrrhenia,Greece,Crete,Polyrhen,Polyrhen,Greece,Greece,14,,Small Islands/Rocky Coast,Mediterranean,0,5,Shipwright,no,no,Yes,OK,"Farm5, small_islands_and_rocky_coast, mediterranean, base_port_level_2",,,,,,,
Lyktos,Lyktos,Greece,Crete,Lyttos,Lyttos,Greece,Greece,14,,Plateau,Mediterranean,1,6,Trade Port,no,Springs,yes,OK,"Farm6, plateau, mediterranean, base_port_level_1, irrigation_springs",,,,,,,
Itanos,Itanos,Greece,Crete,Itania,Itania,Greece,Greece,14,,Small Islands/Rocky Coast,Mediterranean,-1,4,Shipwright,No,no,yes,OK,"Farm4, small_islands_and_rocky_coast, mediterranean, base_port_level_2",,,,,,,
Herakleia Lynkestis,Herakleia Lynkestis,Greece,Macedon & Chalkidike,Lynkestis-Eordaia,Lynkestis,Greece,Greece,14,New Name Change,Mountain Valley,Temperate,-1,6,No port,no,No,No,OK,"Farm6, mountain_valley, temperate",,,,,,,
Eretria,Eretria,Greece,Euboia,Dirphysia,Dirphysia,Greece,Greece,14,,Mountain Valley,Mediterranean,-1,6,Shipwright,no,no,No,OK,"Farm6, mountain_valley, mediterranean, base_port_level_2",,,,,,,
Naupaktos,Naupaktos,Greece,Northwestern Greece,Ozolia_Lokris,Ozolia_Lokris,Greece,Greece,14,,Mountains,Mediterranean,0,5,Shipwright,No,River,Yes,OK,"Farm5, mountains, mediterranean, base_port_level_2, irrigation_river",,,,,,,
Aiginion,,,,Tymphaia,,Greece,Greece,14,Missing in Alt,Plateau,Mediterranean,0,5,No port,No,River,Yes,OK,"Farm5, plateau, mediterranean, irrigation_river",,,,,,,
Chios,Chios,Asia Minor,Ionia,Chios,Chios,Greece,Asia Minor,16,Wrong Area,Small Islands/Rocky Coast,Mediterranean,1,6,Dockyard,No,No,Yes,OK,"Farm6, small_islands_and_rocky_coast, mediterranean, base_port_level_3",,,,,,,
Delos,Delos,Greece,Aegean Islands,Delos,Delos,Greece,Greece,14,,Small Islands/Rocky Coast,Mediterranean,-1,4,Dockyard,no,no,yes,OK,"Farm4, small_islands_and_rocky_coast, mediterranean, base_port_level_3",,,,,,,
Gytheion,Gytheion,Greece,Peloponnese ,Lakonikos_Kolpos,Lakonikos_Kolpos,Greece,Greece,14,,Hills,Mediterranean,0,6,Shipwright,no,River,Yes,OK,"Farm6, hills, mediterranean, base_port_level_2, irrigation_river",,,,,,,
Karystos,,,,Ocheia,,Greece,Greece,14,Missing in Alt,Mountains,Mediterranean,0,5,Trade Port,No,Springs,Yes,OK,"Farm5, mountains, mediterranean, base_port_level_1, irrigation_springs",,,,,,,
Stratos,Stratos,Greece,Northwestern Greece,Akarnania,Akarnania,Greece,Greece,14,,Hills,Mediterranean,1,7,Shipwright,Yes,Lake,No,OK,"Farm7, hills, mediterranean, base_port_level_2, rivertrade, irrigation_lake",,,,,,,
Antigoneia-Chaonia,Antigoneia-Chaonia,Greece,Epeiros,Ano_Chaonia,Ano_Chaonia,Greece,Greece,14,,Mountains,Continental,-1,3,No port,no,No,Yes,OK,"Farm3, mountains, continental",,,,,,,
Kichyros,Kichyros,Greece,Epeiros,Thesprotia,Thesprotia,Greece,Greece,14,,Mountains,Mediterranean,0,5,Trade Port,Yes,No,No,OK,"Farm5, mountains, mediterranean, base_port_level_1, rivertrade",,,,,,,
Dodona,Dodona,Greece,Epeiros,Hellas,Hellas,Greece,Greece,14,,Mountain Valley,Mediterranean,0,7,No port,no,lake,No,OK,"Farm7, mountain_valley, mediterranean, irrigation_lake",,,,,,,
Atintanopolis,,,,Atintania,,Greece,Greece,14,Missing in Alt,Mountains,Continental,-1,3,No port,No,Springs,Yes,OK,"Farm3, mountains, continental, irrigation_springs",,,,,,,
Beroia,Beroia,Greece,Macedon & Chalkidike,Notia_Bottiaia,Notia_Bottiaia,Greece,Greece,14,,River Valley,Mediterranean,-2,8,Shipwright,No,River,No,OK,"Farm8, river_valley, mediterranean, base_port_level_2, irrigation_river",,,,,,,
Edessa-Bottiaia,Edessa-Bottiaia,Greece,Macedon & Chalkidike,Bottiaia,Bottiaia,Greece,Greece,14,,Mountain Valley,Temperate,0,7,No port,No,River,No,OK,"Farm7, mountain_valley, temperate, irrigation_river",,,,,,,
Akanthos,,,,Akte,,Greece,Greece,14,Missing in Alt,Mountains,Mediterranean,-1,4,Trade Port,No,No,Yes,OK,"Farm4, mountains, mediterranean, base_port_level_1",,,,,,,
Torone,Torone,Greece,Macedon & Chalkidike,Sithonia,Sithonia,Greece,Greece,14,,Small Islands/Rocky Coast,Mediterranean,-1,4,Shipwright,No,No,Yes,OK,"Farm4, small_islands_and_rocky_coast, mediterranean, base_port_level_2",,,,,,,
Berge,,,,Bisaltia-Krestonia,,Greece,Greece,14,Missing in Alt,River Valley,Humid Sub-tropical,-1,9,No port,Yes,River,Yes,OK,"Farm9, river_valley, humid_sub_tropical, rivertrade, irrigation_river",grain,,,,,,
Stymbara,,,,Deuriopos-Pelagonia,,Greece,Greece,14,Missing in Alt,Hills,Continental,-1,4,No port,No,No,Yes,OK,"Farm4, hills, continental",,,,,,,
Idomenai,,,,Amphaxitis,,Greece,Greece,14,Missing in Alt,Mountain Valley,Humid Sub-tropical,-1,6,No port,Yes,River,Yes,OK,"Farm6, mountain_valley, humid_sub_tropical, rivertrade, irrigation_river",,,,,,,
,Aiane,Greece,Macedon & Chalkidike,,Elimeia,Greece,Greece,14,Not in Main Map,,,,,,,,,,#N/A,,,,,,,
Pherai,Pherai,Greece,Thessaly,Pelasgiotis,Pelasgiotis,Greece,Greece,14,,Hills,Mediterranean,1,7,No port,No,Lake,Yes,OK,"Farm7, hills, mediterranean, irrigation_lake",,,,,,,
Trikka,Trikka,Greece,Thessaly,Histiaiotis,Histiaiotis,Greece,Greece,14,,River Valley,Temperate,-2,8,No port,No,River,No,OK,"Farm8, river_valley, temperate, irrigation_river",,,,,,,
Phalanna,Phalanna,Greece,Thessaly,Perrhaibia,Perrhaibia,Greece,Greece,14,,Plateau,Mediterranean,1,6,No port,No,No,Yes,OK,"Farm6, plateau, mediterranean",,,,,,,
Thebai Phthiotides,,,,Achaia_Phthiotis,,Greece,Greece,14,Missing in Alt,Hills,Mediterranean,1,7,Trade Port,No,River,Yes,OK,"Farm7, hills, mediterranean, base_port_level_1, irrigation_river",saffron moved here,,,,,,
Opous,Opous,Greece,Attika & Central Greece,Opountia_Lokris,Opountia_Lokris,Greece,Greece,14,,Hills,Mediterranean,0,6,Trade Port,No,River,No,OK,"Farm6, hills, mediterranean, base_port_level_1, irrigation_river",,,,,,,
Elateia,Elateia,Greece,Attika & Central Greece,Phokis-Doris,Phokis,Greece,Greece,14,New Name Change,Mountain Valley,Mediterranean,-1,6,No port,No,River,No,OK,"Farm6, mountain_valley, mediterranean, irrigation_river",,,,,,,
Thebes,Thebes,Greece,Attika & Central Greece,Thebai,Thebai,Greece,Greece,14,,Hills,Mediterranean,0,6,No port,No,lake,Yes,OK,"Farm6, hills, mediterranean, irrigation_lake",,,,,,,
Argithea,Argithea,Greece,Epeiros,Athamania,Athamania,Greece,Greece,14,,Mountains,Continental,-1,3,No port,no,Lake,Yes,OK,"Farm3, mountains, continental, irrigation_lake",,,,,,,
Ktimene,,,,Dolopia-Oitaia,,Greece,Greece,14,Missing in Alt,Mountains,Mediterranean,-1,4,No port,No,River,Yes,OK,"Farm4, mountains, mediterranean, irrigation_river",,,,,,,
Argos-Amphilochia,Argos-Amphilochia,Greece,Northwestern Greece,Amphilochia,Amphilochia,Greece,Greece,14,,Mountains,Mediterranean,-1,4,Trade Port,No,No,No,OK,"Farm4, mountains, mediterranean, base_port_level_1",,,,,,,
Tegea,Tegea,Greece,Peloponnese ,Tegeatis,Tegeatis,Greece,Greece,14,,Karst Terrain,Mediterranean,0,4,No port,no,Springs,Yes,OK,"Farm4, karst_terrain, mediterranean, irrigation_springs",,,,,,,
Piraeus,Piraeus,Greece,Attika & Central Greece,Peiraieus,Peiraieus,Greece,Greece,14,,Hills,Mediterranean,-1,5,Dockyard,No,No,Yes,OK,"Farm5, hills, mediterranean, base_port_level_3",,,,,,,
Trozan,Trozan,Greece,Peloponnese ,Troizen,Troizen,Greece,Greece,14,,Small Islands/Rocky Coast,Mediterranean,0,5,Shipwright,no,No,No,OK,"Farm5, small_islands_and_rocky_coast, mediterranean, base_port_level_2",,,,,,,
Lepreon,Lepreon,Greece,Peloponnese ,Triphylia,Triphylia,Greece,Greece,14,,Hills,Mediterranean,-2,4,Needs Harbour,no,River,Yes,OK,"Farm4, hills, mediterranean, base_port_level_0, irrigation_river",,,,,,,
Megara,Megara,Greece,Peloponnese ,Megaris,Megaris,Greece,Greece,14,,Hills,Mediterranean,-1,5,Shipwright,no,No,Yes,OK,"Farm5, hills, mediterranean, base_port_level_2",,,,,,,
Dyme,Dyme,Greece,Peloponnese ,Hesperos_Achaia,Hesperos_Achaia,Greece,Greece,14,,Grassland,Mediterranean,-2,7,Dockyard,no,River,Yes,OK,"Farm7, grassland, mediterranean, base_port_level_3, irrigation_river",,,,,,,
Orchomenos-Arkadia,Orchomenos-Arkadia,Greece,Peloponnese ,Olygirtos,Olygirtos,Greece,Greece,14,,Mountains,Temperate,-1,4,No port,no,No,Yes,OK,"Farm4, mountains, temperate",,,,,,,
Prasiai,,,,Brasiai,,Greece,Greece,14,Missing in Alt,Mountains,Mediterranean,-1,4,Trade Port,No,River,Yes,OK,"Farm4, mountains, mediterranean, base_port_level_1, irrigation_river",,,,,,,
Argos,Argos,Greece,Peloponnese ,Argolis,Argolis,Greece,Greece,14,,Mountain Valley,Mediterranean,0,7,Shipwright,no,River,Yes,OK,"Farm7, mountain_valley, mediterranean, base_port_level_2, irrigation_river",,,,,,,
Pellene,,,,Anatolike_Achaia,,Greece,Greece,14,Missing in Alt,Mountains,Mediterranean,-1,4,Trade Port,No,Springs,Yes,OK,"Farm4, mountains, mediterranean, base_port_level_1, irrigation_springs",bronze working,,,,,,
Leukas,Leukas,Greece,Northwestern Greece,Leukas,Leukas,Greece,Greece,14,,Small Islands/Rocky Coast,Mediterranean,0,5,Dockyard,No,No,Yes,OK,"Farm5, small_islands_and_rocky_coast, mediterranean, base_port_level_3",,,,,,,
Thera,Thera,Greece,Aegean Islands,Kalliste,Kalliste,Greece,Greece,14,,Small Islands/Rocky Coast,Mediterranean,-1,4,Trade Port,no,no,yes,OK,"Farm4, small_islands_and_rocky_coast, mediterranean, base_port_level_1",,,,,,,
Same,Same,Greece,Northwestern Greece,Kephallenia,Kephallenia,Greece,Greece,14,,Small Islands/Rocky Coast,Mediterranean,-1,4,Shipwright,No,No,Yes,OK,"Farm4, small_islands_and_rocky_coast, mediterranean, base_port_level_2",,,,,,,
Zakynthos,Zakynthos,Greece,Northwestern Greece,Zakynthos,Zakynthos,Greece,Greece,14,,Forest,Mediterranean,-1,5,Trade Port,No,No,Yes,OK,"Farm5, forest, mediterranean, base_port_level_1",,,,,,,
Paros,Paros,Greece,Aegean Islands,Paros,Paros,Greece,Greece,14,,Small Islands/Rocky Coast,Mediterranean,-1,4,Trade Port,no,no,yes,OK,"Farm4, small_islands_and_rocky_coast, mediterranean, base_port_level_1",,,,,,,
Myrina,,,,Lemnos,,Greece,Greece,14,Missing in Alt,Small Islands/Rocky Coast,Mediterranean,1,6,Shipwright,No,Springs,Yes,OK,"Farm6, small_islands_and_rocky_coast, mediterranean, base_port_level_2, irrigation_springs",lemnian earth,,,,,,
Kythera,Kythera,Greece,Peloponnese ,Kythera,Kythera,Greece,Greece,14,,Small Islands/Rocky Coast,Mediterranean,-1,4,Shipwright,no,no,Yes,OK,"Farm4, small_islands_and_rocky_coast, mediterranean, base_port_level_2",,,,,,,
Skyros,Skyros,Greece,Aegean Islands,Skyros,Skyros,Greece,Greece,14,,Small Islands/Rocky Coast,Mediterranean,-1,4,Trade Port,no,no,yes,OK,"Farm4, small_islands_and_rocky_coast, mediterranean, base_port_level_1",,,,,,,
Lato,Lato,Greece,Crete,Latia,Latia,Greece,Greece,14,,Small Islands/Rocky Coast,Mediterranean,-1,4,Shipwright,no,no,yes,OK,"Farm4, small_islands_and_rocky_coast, mediterranean, base_port_level_2",,,,,,,
Arsinoe,Arsinoe,Greece,Crete,Rithymna,Rithymna,Greece,Greece,14,,Hills,Mediterranean,-1,5,Shipwright,no,no,Yes,OK,"Farm5, hills, mediterranean, base_port_level_2",,,,,,,
Oaxos,,,,Ida,,Greece,Greece,14,Missing in Alt,Mountains,Mediterranean,0,5,Trade Port,No,No,Yes,OK,"Farm5, mountains, mediterranean, base_port_level_1",,,,,,,
Aptera,Aptera,Greece,Crete,Apteraia,Apteraia,Greece,Greece,14,,Mountains,Mediterranean,-1,4,Shipwright,no,no,yes,OK,"Farm4, mountains, mediterranean, base_port_level_2",,,,,,,
Arkades,Arkades,Greece,Crete,Arkadia-Krete,Arkadia-Krete,Greece,Greece,14,Last Cut,,,,,,,,,,#N/A,,,,,,,
Methymna,Methymna,Asia Minor,Ionia,Methymnia,Methymnia,Greece,Asia Minor,16,Wrong Area,Small Islands/Rocky Coast,Mediterranean,2,7,Shipwright,No,No,Yes,OK,"Farm7, small_islands_and_rocky_coast, mediterranean, base_port_level_2",,,,,,,
Lindos,Lindos,Asia Minor,Ionia,Notios_Rhodos,Notios_Rhodos,Greece,Asia Minor,16,Wrong Area,Small Islands/Rocky Coast,Mediterranean,0,5,Shipwright,No,Springs,Yes,OK,"Farm5, small_islands_and_rocky_coast, mediterranean, base_port_level_2, irrigation_springs",,,,,,,
STEPPES,,,,,,,,,,,,,,,,,,,,,,,,,,
Olbia,Olbia,Steppes,Scythia,Olbiana,Olbiana,Steppes,Steppes,15,,Wetlands/Swamps/Marshes,Dry Sub-tropical,1,6,Dockyard,Yes,River,No,OK,"Farm6, wetlands, dry_sub_tropical, base_port_level_3, rivertrade, irrigation_river",,,,,,,
Skython Taphai,Skython Taphai,Steppes,Scythia,Nomadike_Skythia,Nomadike_Skythia,Steppes,Steppes,15,,Steppe,Continental,1,6,No port,Yes,River,No,OK,"Farm6, steppe, continental, rivertrade, irrigation_river",,,,,,,
Amadoka,Amadoka,Steppes,Scythia,Borysthenes,Borysthenes,Steppes,Steppes,15,,River Valley,Continental,0,9,No port,Yes,River,No,OK,"Farm9, river_valley, continental, rivertrade, irrigation_river",,,,,,,
Chersonesos,Chersonesos,Steppes,Sea of azov and crimea,Mikra_Chersonesos,Mikra_Chersonesos,Steppes,Steppes,15,,Hills,Continental,1,6,Dockyard,No,River,No,OK,"Farm6, hills, continental, base_port_level_3, irrigation_river",,,,,,,
Pantikapaion,Pantikapaion,Steppes,Sea of azov and crimea,Kimmerikos_Bosporos,Kimmerikos_Bosporos,Steppes,Steppes,15,,Grassland,Dry Sub-tropical,0,9,Dockyard,No,Springs,No,OK,"Farm9, grassland, dry_sub_tropical, base_port_level_3, irrigation_springs",,,,,,,
Phanagoreia,Phanagoreia,Steppes,Sea of azov and crimea,Phanagoreion,Phanagoreion,Steppes,Steppes,15,,Steppe,Dry Sub-tropical,1,7,Shipwright,No,Lake,No,OK,"Farm7, steppe, dry_sub_tropical, base_port_level_2, irrigation_lake",,,,,,,
Tanais,Tanais,Steppes,Sea of azov and crimea,Tanaitis,Tanaitis,Steppes,Steppes,15,,Wetlands/Swamps/Marshes,Continental,2,7,Shipwright,Yes,River,No,OK,"Farm7, wetlands, continental, base_port_level_2, rivertrade, irrigation_river",,,,,,,
Seraka,Seraka,Steppes,Aorsi and North caucaus,Sirakene,Sirakene,Steppes,Steppes,15,,Grassland,Continental,-1,7,No port,No,River,No,OK,"Farm7, grassland, continental, irrigation_river",,,,,,,
Hexapolis,Hexapolis,Steppes,Aorsi and North caucaus,Aorsia,Aorsia,Steppes,Steppes,15,,Steppe,Cold Semi-arid,0,6,No port,Yes,River,No,OK,"Farm6, steppe, cold_semi_arid, rivertrade, irrigation_river",,,,,,,
Ouspe,Ouspe,Steppes,Aorsi and North caucaus,Pandaia,Pandaia,Steppes,Steppes,15,,Floodplains/Delta,Continental,-2,9,Trade Port,Yes,River,No,OK,"Farm9, floodplains_delta, continental, base_port_level_1, rivertrade, irrigation_river",,,,,,,
Nauaris,Nauaris,Steppes,Sea of azov and crimea,Iaxamataia,Iaxamataia,Steppes,Steppes,15,,River Valley,Continental,-1,8,No port,Yes,River,No,OK,"Farm8, river_valley, continental, rivertrade, irrigation_river",,,,,,,
,Skythike Neapolis,Steppes,Sea of azov and crimea,,Megale_Chersonesos,Steppes,Steppes,15,Not in Main Map,,,,,,,,,,#N/A,,,,,,,
Lampas,Lampas,Steppes,Sea of azov and crimea,Taurike,Taurike,Steppes,Steppes,15,,Karst Terrain,Humid Sub-tropical,-1,3,Trade Port,No,No,Yes,OK,"Farm3, karst_terrain, humid_sub_tropical, base_port_level_1",,,,,,,
Gorgippia,Gorgippia,Steppes,Sea of azov and crimea,Sindike,Sindike,Steppes,Steppes,15,,Hills,Dry Sub-tropical,0,6,Shipwright,No,River,No,OK,"Farm6, hills, dry_sub_tropical, base_port_level_2, irrigation_river",,,,,,,
Leinon,Leinon,Steppes,Scythia,Hesperos_Georgike_Skythia,Hesperos_Georgike_Skythia,Steppes,Steppes,15,,Grassland,Continental,-1,7,No port,Yes,River,No,OK,"Farm7, grassland, continental, rivertrade, irrigation_river",,,,,,,
Sarbakon,Sarbakon,Steppes,Scythia,Alazonia,Alazonia,Steppes,Steppes,15,Last Cut,,,,,,,,,,#N/A,,,,,,,
Niosson,Niosson,Steppes,Scythia,Kallippidia-Alazonia,Kallippidia,Steppes,Steppes,15,New Name Change,Steppe,Dry Sub-tropical,2,8,Needs Harbour,Yes,River,No,OK,"Farm8, steppe, dry_sub_tropical, base_port_level_0, rivertrade, irrigation_river",,,,,,,
Trakana,Trakana,Steppes,Scythia,Hylaia,Hylaia,Steppes,Steppes,15,,Floodplains/Delta,Cold Semi-arid,-1,11,Trade Port,No,River,No,OK,"Farm11, floodplains_delta, cold_semi_arid, base_port_level_1, irrigation_river",,,,,,,
Karkine,Karkine,Steppes,Sea of azov and crimea,Karkinetis,Karkinetis,Steppes,Steppes,15,,Steppe,Dry Sub-tropical,1,6,Needs Harbour,No,No,No,OK,"Farm6, steppe, dry_sub_tropical, base_port_level_0",,,,,,,
Azara,Azara,Steppes,Sea of azov and crimea,Maiotis,Maiotis,Steppes,Steppes,15,Last Cut,,,,,,,,,,#N/A,,,,,,,
Skopelos,Skopelos,Steppes,Sea of azov and crimea,Aspourgiania,Aspourgiania,Steppes,Steppes,15,,Wetlands/Swamps/Marshes,Continental,1,6,Needs Harbour,Yes,River,No,OK,"Farm6, wetlands, continental, base_port_level_0, rivertrade, irrigation_river",,,,,,,
Hygreis,Hygreis,Steppes,Sarmatia ,Rhoxolania,Rhoxolania,Steppes,Steppes,15,,Steppe,Continental,1,6,Trade Port,No,River,No,OK,"Farm6, steppe, continental, base_port_level_1, irrigation_river",,,,,,,
Theodosia,Theodosia,Steppes,Sea of azov and crimea,Kriou_Metopon,Kriou_Metopon,Steppes,Steppes,15,,Grassland,Humid Sub-tropical,1,10,Shipwright,No,Springs,No,OK,"Farm10, grassland, humid_sub_tropical, base_port_level_2, irrigation_springs",,,,,,,
Sauromaton Taphai,Sauromaton Taphai,Steppes,Sarmatia ,Sauromataia,Sauromataia,Steppes,Steppes,15,,Steppe,Cold Semi-arid,0,6,No port,Yes,River,No,OK,"Farm6, steppe, cold_semi_arid, rivertrade, irrigation_river",,,,,,,
Aorson Taphai,Aorson Taphai,Steppes,Aorsi and North caucaus,Ano_Aorsia,Ano_Aorsia,Steppes,Steppes,15,,Steppe,Cold Semi-arid,-1,5,Shipwright,Yes,River,Yes,OK,"Farm5, steppe, cold_semi_arid, base_port_level_2, rivertrade, irrigation_river",,,,,,,
Gelonos,Gelonos,Steppes,Sarmatia ,Gelonia,Gelonia,Steppes,Steppes,15,Last Cut,,,,,,,,,,#N/A,,,,,,,
Gerrhon Taphai,Gerrhon Taphai,Steppes,Scythia,Gerrhoia,Gerrhoia,Steppes,Steppes,15,,Wetlands/Swamps/Marshes,Continental,-1,4,No port,Yes,River,No,OK,"Farm4, wetlands, continental, rivertrade, irrigation_river",,,,,,,
Skythopolis,Skythopolis,Steppes,Scythia,Basilike_Skythia,Basilike_Skythia,Steppes,Steppes,15,,Steppe,Continental,1,6,Needs Harbour,Yes,River,No,OK,"Farm6, steppe, continental, base_port_level_0, rivertrade, irrigation_river",,,,,,,
Melanchlainopolis,Melanchlainopolis,Steppes,Far north,Melanchlainia,Melanchlainia,Steppes,Steppes,15,,Forest,Continental,-1,4,No port,No,River,No,OK,"Farm4, forest, continental, irrigation_river",,,,,,,
,Oudon Taphai,Steppes,Scythia,,Oudaia,Steppes,Steppes,15,Not in Main Map,,,,,,,,,,#N/A,,,,,,,
Neuron Taphai,Neuron Taphai,Steppes,Scythia,Neuria,Neuria,Steppes,Steppes,15,,Forest,Continental,1,6,No port,Yes,River,No,OK,"Farm6, forest, continental, rivertrade, irrigation_river",,,,,,,
Kerkinitis,Kerkinitis,Steppes,Sea of azov and crimea,Hesperos_Chersonesos,Kerkinitike,Steppes,Steppes,15,Name Change,Steppe,Dry Sub-tropical,0,6,Shipwright,No,River,No,OK,"Farm6, steppe, dry_sub_tropical, base_port_level_2, irrigation_river",,,,,,,
Skythike Palaiopolis,Skythike Palaiopolis,Steppes,Sea of azov and crimea,Megale_Chersonesos,Anatolike_Chersonesos,Steppes,Steppes,15,Name Change,Steppe,Dry Sub-tropical,1,6,Needs Harbour,No,No,No,OK,"Farm6, steppe, dry_sub_tropical, base_port_level_0",,,,,,,
Gelonos,Boudinon Taphai,Steppes,Sarmatia ,Boudinia-Gelonia,Boudinia,Steppes,Steppes,15,New Name Change,Steppe,Continental,-1,4,No port,No,River,No,OK,"Farm4, steppe, continental, irrigation_river",,,,,,,
,Olondon Taphai,Steppes,Aorsi and North caucaus,,Olondaia,Steppes,Steppes,15,Not in Main Map,,,,,,,,,,#N/A,,,,,,,
,Isondon Taphai,Steppes,Aorsi and North caucaus,,Isondaia,Steppes,Steppes,15,Not in Main Map,,,,,,,,,,#N/A,,,,,,,
Agathyrson Taphai,Agathyrson Taphai,Steppes,Scythia,Agathyrsia,Agathyrsia,Steppes,Steppes,15,,Hills,Continental,1,6,No port,Yes,River,No,OK,"Farm6, hills, continental, rivertrade, irrigation_river",,,,,,,
Nymphaion,Nymphaion,Steppes,Sea of azov and crimea,Stenopos,Stenopos,Steppes,Steppes,15,,Grassland,Dry Sub-tropical,0,8,Shipwright,No,No,No,OK,"Farm8, grassland, dry_sub_tropical, base_port_level_2",,,,,,,
Kremnoi,Kremnoi,Steppes,Sarmatia ,Iazygia,Iazygia,Steppes,Steppes,15,,Steppe,Cold Semi-arid,1,6,Trade Port,No,No,No,OK,"Farm6, steppe, cold_semi_arid, base_port_level_1",,,,,,,
Gerousa,,,,Maiotis,,Steppes,,15,Missing in Alt,Wetlands/Swamps/Marshes,Continental,-1,4,Needs Harbour,No,River,No,OK,"Farm4, wetlands, continental, base_port_level_0, irrigation_river",,,,,,,
Perierbidon Taphai,,,,Perierbidia,,Steppes,,15,Missing in Alt,Steppe,Continental,1,6,No port,Yes,River,No,OK,"Farm6, steppe, continental, rivertrade, irrigation_river",,,,,,,
Basilon Sauromaton Taphai,Basilon Sauromaton Taphai,Steppes,Sarmatia ,Basilike_Sauromataia,Basilike_Sauromataia,Steppes,Steppes,15,,Steppe,Continental,0,5,No port,Yes,River,No,OK,"Farm5, steppe, continental, rivertrade, irrigation_river",,,,,,,
Nikonion,,,,Hellenike_Tyragetia,,Steppes,,15,Missing in Alt,Wetlands/Swamps/Marshes,Dry Sub-tropical,1,6,Needs Harbour,Yes,River,No,OK,"Farm6, wetlands, dry_sub_tropical, base_port_level_0, rivertrade, irrigation_river",,,,,,,
Hermonassa,Hermonassa,Steppes,Sea of azov and crimea,Korokondamitis,Korokondamitis,Steppes,Steppes,15,,Grassland,Dry Sub-tropical,-2,7,Trade Port,No,Lake,No,OK,"Farm7, grassland, dry_sub_tropical, base_port_level_1, irrigation_lake",,,,,,,
Boruskopolis,,,,Borouskia-Pagyritaia,,Steppes,,15,Missing in Alt,Forest,Continental,1,6,No port,Yes,River,No,OK,"Farm6, forest, continental, rivertrade, irrigation_river",,,,,,,
Akibiopolis,,,,Akibia-Sauaria,,Steppes,,15,Missing in Alt,Wetlands/Swamps/Marshes,Continental,0,5,No port,Yes,River,No,OK,"Farm5, wetlands, continental, rivertrade, irrigation_river",,,,,,,
Naskopolis,,,,Naskia,,Steppes,,15,Missing in Alt,Forest,Continental,0,5,No port,No,River,No,OK,"Farm5, forest, continental, irrigation_river",,,,,,,
Asaiopolis,,,,Asaia,,Steppes,,15,Missing in Alt,Hills,Sub-artic,1,4,No port,No,River,No,OK,"Farm4, hills, sub_artic, irrigation_river",,,,,,,
Skythikon Polis,,,,Anatolike_Nomadike_Skythia,,Steppes,,15,Last Cut,,,,,,,,,,#N/A,,,,,,,
Androphagon Kome,Androphagon Kome,Steppes,Scythia,Androphagia,Androphagia,Steppes,Steppes,15,,Grassland,Continental,-1,7,No port,Yes,River,No,OK,"Farm7, grassland, continental, rivertrade, irrigation_river",,,,,,,
Basilikon Skython Taphai,,,,Notia_Basilike_Skythia,,Steppes,,15,Missing in Alt,Steppe,Hot Semi-arid,0,6,Needs Harbour,No,River,No,OK,"Farm6, steppe, hot_semi_arid, base_port_level_0, irrigation_river",,,,,,,
ASIA MINOR,,,,,,,,,,,,,,,,,,,,,,,,,,
BITHYNIA,,,,,,,,,,,,,,,,,,,,,,,,,,
Nikomedia,Nikomedia,Asia Minor,Ionia,Bithynia,Bithynia,Asia Minor,Asia Minor,16,,River Valley,Humid Sub-tropical,-1,9,Shipwright,No,Springs,Yes,OK,"Farm9, river_valley, humid_sub_tropical, base_port_level_2, irrigation_springs",,,,,,,
Herakleia-Pontos,Herakleia-Pontos,Asia Minor,Pontic Coast,Hellenike_Mariandynia,Hellenike_Mariandynia,Asia Minor,Asia Minor,16,,Small Islands/Rocky Coast,Humid Sub-tropical,0,5,Dockyard,No,No,Yes,OK,"Farm5, small_islands_and_rocky_coast, humid_sub_tropical, base_port_level_3",,,,,,,
Nikaia,Nikaia,Asia Minor,Ionia,Notia_Bithynia,Notia_Bithynia,Asia Minor,Asia Minor,16,,Mountain Valley,Mediterranean,1,8,No port,Yes,Lake,Yes,OK,"Farm8, mountain_valley, mediterranean, rivertrade, irrigation_lake",,,,,,,
Kios,Kios,Asia Minor,Ionia,Kianos_Kolpos,Kianos_Kolpos,Asia Minor,Asia Minor,16,,Mountain Valley,Mediterranean,0,7,Shipwright,No,Lake,Yes,OK,"Farm7, mountain_valley, mediterranean, base_port_level_2, irrigation_lake",,,,,,,
Chalkedon,Chalkedon,Asia Minor,Ionia,Chalkedonia,Chalkedonia,Asia Minor,Asia Minor,16,,Hills,Mediterranean,-1,5,Shipwright,No,Springs,Yes,OK,"Farm5, hills, mediterranean, base_port_level_2, irrigation_springs",,,,,,,
Bithynion,Bithynion,Asia Minor,Galatia,Salone,Salone,Asia Minor,Asia Minor,16,,Mountain Valley,Continental,0,6,No port,No,River,Yes,OK,"Farm6, mountain_valley, continental, irrigation_river",,,,,,,
Kieros,Kieros,Asia Minor,Pontic Coast,Hypios,Hypios,Asia Minor,Asia Minor,16,,Mountain Valley,Temperate,-1,6,No port,No,River,Yes,OK,"Farm6, mountain_valley, temperate, irrigation_river",,,,,,,
,Krateia,Asia Minor,Galatia,,Anatolike_Bithynia,Asia Minor,Asia Minor,16,Not in Main Map,,,,Autocompletes,,,,,,#N/A,,,,,,,
PAPHLAGONIA,,,,,,,,,,,,,,,,,,,,,,,,,,
Sinope,Sinope,Asia Minor,Pontic Coast,Sinopeia,Sinopeia,Asia Minor,Asia Minor,16,,Hills,Humid Sub-tropical,1,7,Dockyard,No,No,No,OK,"Farm7, hills, humid_sub_tropical, base_port_level_3",,,,,,,
Gangra,Gangra,Asia Minor,Galatia,Paphlagonia,Paphlagonia,Asia Minor,Asia Minor,16,,Mountain Valley,Continental,-1,5,No port,No,River,Yes,OK,"Farm5, mountain_valley, continental, irrigation_river",,,,,,,
Sesamos,Sesamos,Asia Minor,Pontic Coast,Amastris,Amastris,Asia Minor,Asia Minor,16,,Mountains,Humid Sub-tropical,-1,4,Shipwright,No,No,Yes,OK,"Farm4, mountains, humid_sub_tropical, base_port_level_2",,,,,,,
Pimolisa,,,,Pimolisene,,Asia Minor,,16,Missing in Alt,Mountains,Continental,0,4,No port,No,River,Yes,OK,"Farm4, mountains, continental, irrigation_river",,,,,,,
Tieion,Tieion,Asia Minor,Pontic Coast,Kaukonia,Kaukonia,Asia Minor,Asia Minor,16,,Hills,Temperate,0,6,Shipwright,No,No,Yes,OK,"Farm6, hills, temperate, base_port_level_2",,,,,,,
,Kytoron,Asia Minor,Pontic Coast,,Kytoros,Asia Minor,Asia Minor,16,Not in Main Map,,,,,,,,,,#N/A,,,,,,,
Kimiata,Kimiata,Asia Minor,Galatia,Kimiatene,Kimiatene,Asia Minor,Asia Minor,16,,Mountain Valley,Continental,0,6,No port,No,River,Yes,OK,"Farm6, mountain_valley, continental, irrigation_river",,,,,,,
Koloussa,,,,Boreia_Paphlagonia,,Asia Minor,,16,Missing in Alt,Mountains,Temperate,-2,3,Trade Port,No,River,Yes,OK,"Farm3, mountains, temperate, base_port_level_1, irrigation_river",,,,,,,
MYSIA&TROAS&AEOLIS,,,,,,,,,,,,,,,,,,,,,,,,,,
Pergamon,Pergamon,Asia Minor,Ionia,Kaikia,Kaikia,Asia Minor,Asia Minor,16,,River Valley,Mediterranean,0,10,Shipwright,No,River,Yes,OK,"Farm10, river_valley, mediterranean, base_port_level_2, irrigation_river",,,,,,,
Kyzikos,Kyzikos,Asia Minor,Ionia,Arktonnesos,Arktonnesos,Asia Minor,Asia Minor,16,,Small Islands/Rocky Coast,Mediterranean,1,6,Shipwright,No,No,Yes,OK,"Farm6, small_islands_and_rocky_coast, mediterranean, base_port_level_2",,,,,,,
Abydos,Abydos,Asia Minor,Ionia,Propontis,Propontis,Asia Minor,Asia Minor,16,,Small Islands/Rocky Coast,Mediterranean,0,5,Trade Port,No,No,Yes,OK,"Farm5, small_islands_and_rocky_coast, mediterranean, base_port_level_1",,,,,,,
Alexandreia-Troas,Alexandreia-Troas,Asia Minor,Ionia,Troias,Troias,Asia Minor,Asia Minor,16,,Hills,Mediterranean,1,7,Dockyard,No,No,Yes,OK,"Farm7, hills, mediterranean, base_port_level_3",,,,,,,
Daskyleion,Daskyleion,Asia Minor,Ionia,Mysia,Mysia,Asia Minor,Asia Minor,16,,Hills,Mediterranean,2,8,Trade Port,No,River,Yes,OK,"Farm8, hills, mediterranean, base_port_level_1, irrigation_river",,,,,,,
Adramyttion,Adramyttion,Asia Minor,Ionia,Adramyttenos_Kolpos,Adramyttenos_Kolpos,Asia Minor,Asia Minor,16,,Mountain Valley,Mediterranean,0,7,Shipwright,No,River,Yes,OK,"Farm7, mountain_valley, mediterranean, base_port_level_2, irrigation_river",,,,,,,
Lampsakos,Lampsakos,Asia Minor,Ionia,Pityoussa,Pityoussa,Asia Minor,Asia Minor,16,,Hills,Mediterranean,0,6,Shipwright,No,River,Yes,OK,"Farm6, hills, mediterranean, base_port_level_2, irrigation_river",,,,,,,
Kyme,Kyme,Asia Minor,Ionia,Phrykonis,Phrykonis,Asia Minor,Asia Minor,16,,Hills,Mediterranean,0,6,Shipwright,No,River,Yes,OK,"Farm6, hills, mediterranean, base_port_level_2, irrigation_river",,,,,,,
Skepsis,Skepsis,Asia Minor,Ionia,Ano_Troias,Ano_Troias,Asia Minor,Asia Minor,16,,Hills,Mediterranean,-1,5,No port,No,Springs,Yes,OK,"Farm5, hills, mediterranean, irrigation_springs",,,,,,,
Priapos,,,,Priapene,,Asia Minor,,16,Missing in Alt,River Valley,Mediterranean,-2,8,Trade Port,No,River,Yes,OK,"Farm8, river_valley, mediterranean, base_port_level_1, irrigation_river",not on my version (might be behind),,,,,,
LYDIA,,,,,,,,,,,,,,,,,,,,,,,,,,
Sardis,Sardis,Asia Minor,Lydia,Lydia,Lydia,Asia Minor,Asia Minor,16,,River Valley,Mediterranean,0,10,No port,Yes,River,Yes,OK,"Farm10, river_valley, mediterranean, rivertrade, irrigation_river",,,,,,,
Thyateira,Thyateira,Asia Minor,Lydia,Pelopeia,Pelopeia,Asia Minor,Asia Minor,16,,Hills,Mediterranean,0,6,No port,No,River,Yes,OK,"Farm6, hills, mediterranean, irrigation_river",,,,,,,
,Temenouthyrai,Asia Minor,Phrygia,,Temenouthyraia,Asia Minor,Asia Minor,16,Not in Main Map,,,,Autocompletes,,,,,,#N/A,,,,,,,
Hypaipa,,,,Kaystra,,Asia Minor,,16,Missing in Alt,Mountain Valley,Mediterranean,2,9,No port,No,River,Yes,OK,"Farm9, mountain_valley, mediterranean, irrigation_river",,,,,,,
Magnesia-Sipylos,,,,Sipylos,,Asia Minor,,16,Missing in Alt,River Valley,Mediterranean,0,10,No port,Yes,River,Yes,OK,"Farm10, river_valley, mediterranean, rivertrade, irrigation_river",,,,,,,
PHRYGIA,,,,,,,,,,,,,,,,,,,,,,,,,,
Apameia-Kelainai,Apameia-Kelainai,Asia Minor,Pisidia,Paroreia_Phrygia,Paroreia_Phrygia,Asia Minor,Asia Minor,16,,River Valley,Continental,0,9,No port,No,River,Yes,OK,"Farm9, river_valley, continental, irrigation_river",,,,,,,
Dorylaion,Dorylaion,Asia Minor,Phrygia,Dorylaia,Dorylaia,Asia Minor,Asia Minor,16,,Hills,Dry Sub-tropical,1,7,No port,No,River,No,OK,"Farm7, hills, dry_sub_tropical, irrigation_river",,,,,,,
Pessinous,Pessinous,Asia Minor,Phrygia,Pessinountis,Pessinountis,Asia Minor,Asia Minor,16,,Plateau,Cold Semi-arid,1,6,No port,No,River,Yes,OK,"Farm6, plateau, cold_semi_arid, irrigation_river",,,,,,,
Gordion,Gordion,Asia Minor,Phrygia,Megale_Phrygia,Megale_Phrygia,Asia Minor,Asia Minor,16,,Plateau,Cold Semi-arid,2,7,No port,No,River,No,OK,"Farm7, plateau, cold_semi_arid, irrigation_river",,,,,,,
Synnada,Synnada,Asia Minor,Phrygia,Synnadia,Synnadia,Asia Minor,Asia Minor,16,,Hills,Continental,1,6,No port,No,River,Yes,OK,"Farm6, hills, continental, irrigation_river",,,,,,,
Toriaion,Toriaion,Asia Minor,Phrygia,Anatolike_Phrygia,Anatolike_Phrygia,Asia Minor,Asia Minor,16,,Hills,Cold Semi-arid,0,6,No port,No,Springs,Yes,OK,"Farm6, hills, cold_semi_arid, irrigation_springs",,,,,,,
Hierapolis-Charonia,,,,Charonia,,Asia Minor,,16,Missing in Alt,River Valley,Mediterranean,-1,9,No port,No,River,Yes,OK,"Farm9, river_valley, mediterranean, irrigation_river",,,,,,,
,Dokimeion,Asia Minor,Phrygia,,Dokimia,Asia Minor,Asia Minor,16,Not in Main Map,,,,,,,,,,#N/A,,,,,,,
Blaundos,,,,Mlaundos,,Asia Minor,,16,Missing in Alt,Plateau,Continental,1,5,No port,No,No,Yes,OK,"Farm5, plateau, continental",,,,,,,
Aizanoi,Aizanoi,Asia Minor,Phrygia,Aizanitis,Aizanitis,Asia Minor,Asia Minor,16,,Hills,Continental,2,7,No port,No,River,Yes,OK,"Farm7, hills, continental, irrigation_river",,,,,,,
Eukarpia,,,,Orgasia,,Asia Minor,,16,Missing in Alt,Mountain Valley,Mediterranean,0,7,No port,No,Springs,Yes,OK,"Farm7, mountain_valley, mediterranean, irrigation_springs",,,,,,,
Gorbeous,,,,Korbeous,,Asia Minor,,16,Missing in Alt,Plateau,Cold Semi-arid,0,4,No port,No,No,No,OK,"Farm4, plateau, cold_semi_arid",,,,,,,
IONIA,,,,,,,,,,,,,,,,,,,,,,,,,,
Ephesos,Ephesos,Asia Minor,Ionia,Ionia,Ionia,Asia Minor,Asia Minor,16,,River Valley,Mediterranean,-1,9,Dockyard,Yes,River,Yes,OK,"Farm9, river_valley, mediterranean, base_port_level_3, rivertrade, irrigation_river",,,,,,,
Smyrna,Smyrna,Asia Minor,Ionia,Nea_Ionia,Nea_Ionia,Asia Minor,Asia Minor,16,,River Valley,Mediterranean,-1,9,Dockyard,Yes,River,Yes,OK,"Farm9, river_valley, mediterranean, base_port_level_3, rivertrade, irrigation_river",,,,,,,
Miletos,Miletos,Asia Minor,Ionia,Latmikos_Kolpos,Latmikos_Kolpos,Asia Minor,Asia Minor,16,,Hills,Mediterranean,0,6,Dockyard,Yes,River,Yes,OK,"Farm6, hills, mediterranean, base_port_level_3, rivertrade, irrigation_river",,,,,,,
Priene,Priene,Asia Minor,Ionia,Mykale,Mykale,Asia Minor,Asia Minor,16,,Hills,Mediterranean,0,6,Shipwright,Yes,River,Yes,OK,"Farm6, hills, mediterranean, base_port_level_2, rivertrade, irrigation_river",,,,,,,
,Klazomenai,Asia Minor,Ionia,,Klazomenia,Asia Minor,Asia Minor,16,Not in Main Map,,,,,,,,,,#N/A,,,,,,,
Erythrai,Erythrai,Asia Minor,Ionia,Mimas,Mimas,Asia Minor,Asia Minor,16,,Small Islands/Rocky Coast,Mediterranean,0,5,Shipwright,No,No,Yes,OK,"Farm5, small_islands_and_rocky_coast, mediterranean, base_port_level_2",,,,,,,
CARIS&DORIS,,,,,,,,,,,,,,,,,,,,,,,,,,
Halikarnassos,Halikarnassos,Asia Minor,Karia,Halikarnassia,Halikarnassia,Asia Minor,Asia Minor,16,,Small Islands/Rocky Coast,Mediterranean,1,6,Dockyard,No,Springs,Yes,OK,"Farm6, small_islands_and_rocky_coast, mediterranean, base_port_level_3, irrigation_springs",,,,,,,
Knidos,Knidos,Asia Minor,Ionia,Dorian_Chersonesos,Dorian_Chersonesos,Asia Minor,Asia Minor,16,,Small Islands/Rocky Coast,Mediterranean,0,5,Dockyard,No,No,Yes,OK,"Farm5, small_islands_and_rocky_coast, mediterranean, base_port_level_3",,,,,,,
Mylasa,Mylasa,Asia Minor,Karia,Karia,Karia,Asia Minor,Asia Minor,16,,Hills,Mediterranean,1,7,Trade Port,No,Springs,Yes,OK,"Farm7, hills, mediterranean, base_port_level_1, irrigation_springs",,,,,,,
Kaunos,Kaunos,Asia Minor,Karia,Kalbia,Kalbia,Asia Minor,Asia Minor,16,,Wetlands/Swamps/Marshes,Mediterranean,0,6,Shipwright,Yes,River,Yes,OK,"Farm6, wetlands, mediterranean, base_port_level_2, rivertrade, irrigation_river",,,,,,,
Magnesia-Maiandros,,,,Maiandros,,Asia Minor,,16,Missing in Alt,Floodplains/Delta,Mediterranean,0,12,No port,No,River,Yes,OK,"Farm12, floodplains_delta, mediterranean, irrigation_river",,,,,,,
Seleukeia-Tralleis,Seleukeia-Tralleis,Asia Minor,Lydia,Euantheia,Euantheia,Asia Minor,Asia Minor,16,,River Valley,Mediterranean,1,11,No port,Yes,River,Yes,OK,"Farm11, river_valley, mediterranean, rivertrade, irrigation_river",,,,,,,
Aphrodisias,Aphrodisias,Asia Minor,Lydia,Lelegia,Lelegia,Asia Minor,Asia Minor,16,,Plateau,Mediterranean,1,6,No port,Yes,River,Yes,OK,"Farm6, plateau, mediterranean, rivertrade, irrigation_river",,,,,,,
Antiocheia-Alabanda,Antiocheia-Alabanda,Asia Minor,Karia,Marsyas,Marsyas,Asia Minor,Asia Minor,16,,Hills,Mediterranean,1,7,No port,No,River,Yes,OK,"Farm7, hills, mediterranean, irrigation_river",,,,,,,
Stratonikeia,Stratonikeia,Asia Minor,Karia,Idrias,Idrias,Asia Minor,Asia Minor,16,,Hills,Mediterranean,0,6,Shipwright,No,Springs,Yes,OK,"Farm6, hills, mediterranean, base_port_level_2, irrigation_springs",no fishing village? >marmaris,,,,,,
LYCIA,,,,,,,,,,,,,Autocompletes,,,,,,,,,,,,,
Patara,Patara,Asia Minor,Lykia,Lykia,Lykia,Asia Minor,Asia Minor,16,,Mountains,Mediterranean,0,5,Dockyard,No,River,Yes,OK,"Farm5, mountains, mediterranean, base_port_level_3, irrigation_river",,,,,,,
Telmessos,Telmessos,Asia Minor,Karia,Telmessis,Telmessis,Asia Minor,Asia Minor,16,,Mountains,Mediterranean,0,5,Shipwright,No,Springs,Yes,OK,"Farm5, mountains, mediterranean, base_port_level_2, irrigation_springs",,,,,,,
Phaselis,Phaselis,Asia Minor,Lykia,Phaselia,Phaselia,Asia Minor,Asia Minor,16,,Karst Terrain,Mediterranean,-1,3,Dockyard,No,Springs,Yes,OK,"Farm3, karst_terrain, mediterranean, base_port_level_3, irrigation_springs",,,,,,,
Xanthos,Xanthos,Asia Minor,Lykia,Arinna,Arinna,Asia Minor,Asia Minor,16,,Mountain Valley,Mediterranean,0,7,Needs Harbour,Yes,River,Yes,OK,"Farm7, mountain_valley, mediterranean, base_port_level_0, rivertrade, irrigation_river",,,,,,,
Limyra,Limyra,Asia Minor,Lykia,Tsenmure,Tsenmure,Asia Minor,Asia Minor,16,,Mountain Valley,Mediterranean,0,7,Trade Port,No,River,Yes,OK,"Farm7, mountain_valley, mediterranean, base_port_level_1, irrigation_river",,,,,,,
Myra,,,,Myros,,Asia Minor,,16,Missing in Alt,Mountains,Mediterranean,1,6,Shipwright,No,River,Yes,OK,"Farm6, mountains, mediterranean, base_port_level_2, irrigation_river",,,,,,,
Tlos,Tlos,Asia Minor,Lykia,Tlawa,Tlawa,Asia Minor,Asia Minor,16,,Hills,Mediterranean,-2,4,No port,No,River,Yes,OK,"Farm4, hills, mediterranean, irrigation_river",,,,,,,
PISIDIA,,,,,,,,,,,,,,,,,,,,,,,,,,
Sagalassos,Sagalassos,Asia Minor,Pisidia,Pisidia,Pisidia,Asia Minor,Asia Minor,16,,Mountain Valley,Mediterranean,-1,6,No port,No,Springs,Yes,OK,"Farm6, mountain_valley, mediterranean, irrigation_springs",,,,,,,
Termessos,Termessos,Asia Minor,Pisidia,Milyas,Milyas,Asia Minor,Asia Minor,16,,Mountains,Mediterranean,0,5,No port,No,Springs,Yes,OK,"Farm5, mountains, mediterranean, irrigation_springs",,,,,,,
Selge,Selge,Asia Minor,Pisidia,Eurymedoneia,Eurymedoneia,Asia Minor,Asia Minor,16,,Mountain Valley,Mediterranean,1,8,No port,No,River,No,OK,"Farm8, mountain_valley, mediterranean, irrigation_river",,,,,,,
Kibyra,Kibyra,Asia Minor,Lykia,Kibyratis,Kibyratis,Asia Minor,Asia Minor,16,,Plateau,Mediterranean,1,6,No port,No,Springs,Yes,OK,"Farm6, plateau, mediterranean, irrigation_springs",,,,,,,
,Olbasa,Asia Minor,Pisidia,,Hesperos_Milyas,Asia Minor,Asia Minor,16,Not in Main Map,,,,,,,,,,#N/A,,,,,,,
Isinda,,,,Hesperos_Pisidia,,Asia Minor,,16,Missing in Alt,Plateau,Mediterranean,1,6,No port,No,No,Yes,OK,"Farm6, plateau, mediterranean",,,,,,,
Pednelissos,Pednelissos,Asia Minor,Pisidia,Petnelissos,Petnelissos,Asia Minor,Asia Minor,16,,Karst Terrain,Mediterranean,1,5,No port,No,Springs,Yes,OK,"Farm5, karst_terrain, mediterranean, irrigation_springs",,,,,,,
Antiocheia-Pisidia,Antiocheia-Pisidia,Asia Minor,Pisidia,Paroreia_Pisidia,Paroreia_Pisidia,Asia Minor,Asia Minor,16,,Mountain Valley,Continental,0,6,No port,No,Springs,Yes,OK,"Farm6, mountain_valley, continental, irrigation_springs",,,,,,,
PAMPHYLIA,,,,,,,,,,,,,,,,,,,,,,,,,,
Side,Side,Asia Minor,Pamphylia,Pamphylia,Pamphylia,Asia Minor,Asia Minor,16,,Mountain Valley,Mediterranean,0,7,Dockyard,No,River,Yes,OK,"Farm7, mountain_valley, mediterranean, base_port_level_3, irrigation_river",,,,,,,
Perge,Perge,Asia Minor,Pisidia,Hesperos_Pamphylia,Hesperos_Pamphylia,Asia Minor,Asia Minor,16,,River Valley,Mediterranean,0,10,Shipwright,Yes,River,Yes,OK,"Farm10, river_valley, mediterranean, base_port_level_2, rivertrade, irrigation_river",,,,,,,
Etenna-Kotenna,Etenna-Kotenna,Asia Minor,Pamphylia,Etennia-Kotennia,Etennia-Kotennia,Asia Minor,Asia Minor,16,,Karst Terrain,Continental,0,3,No port,No,Springs,No,OK,"Farm3, karst_terrain, continental, irrigation_springs",,,,,,,
Aspendos,Aspendos,Asia Minor,Pisidia,Estwediys,Estwediys,Asia Minor,Asia Minor,16,,Mountain Valley,Mediterranean,1,8,No port,Yes,River,Yes,OK,"Farm8, mountain_valley, mediterranean, rivertrade, irrigation_river",,,,,,,
LYCAONIA&ISAURIA,,,,,,,,,,,,,,,,,,,,,,,,,,
Ikonion,Ikonion,Asia Minor,Pamphylia,Lykaonia,Lykaonia,Asia Minor,Asia Minor,16,,Plateau,Dry Sub-tropical,2,6,No port,No,No,No,OK,"Farm6, plateau, dry_sub_tropical",,,,,,,
Laodikeia-Katakekaumene,,,,Katakekaumene_Lykaonia,,Asia Minor,,16,Missing in Alt,Plateau,Cold Semi-arid,0,4,No port,No,No,No,OK,"Farm4, plateau, cold_semi_arid",,,,,,,
Isaura,Isaura,Asia Minor,Pamphylia,Isauria,Isauria,Asia Minor,Asia Minor,16,,Karst Terrain,Continental,1,4,No port,No,Lake,No,OK,"Farm4, karst_terrain, continental, irrigation_lake",,,,,,,
Laranda,,,,Anatolike_Isauria,,Asia Minor,,16,Missing in Alt,Karst Terrain,Continental,-1,2,No port,No,Springs,No,OK,"Farm2, karst_terrain, continental, irrigation_springs",,,,,,,
GALATIA,,,,,,,,,,,,,,,,,,,,,,,,,,
Ankyra,Ankyra,Asia Minor,Galatia,Nea_Tektosagia,Nea_Tektosagia,Asia Minor,Asia Minor,16,,Plateau,Cold Semi-arid,1,6,No port,No,River,No,OK,"Farm6, plateau, cold_semi_arid, irrigation_river",,,,,,,
Bloukion,Bloukion,Asia Minor,Galatia,Anatolike_Tolistobogia,Anatolike_Tolistobogia,Asia Minor,Asia Minor,16,,Mountains,Continental,0,4,No port,No,Lake,Yes,OK,"Farm4, mountains, continental, irrigation_lake",,,,,,,
Peion,Peion,Asia Minor,Galatia,Tolistobogia,Tolistobogia,Asia Minor,Asia Minor,16,,Karst Terrain,Cold Semi-arid,1,4,No port,No,No,Yes,OK,"Farm4, karst_terrain, cold_semi_arid",,,,,,,
Ekkobriga,,,,Trokmia,,Asia Minor,,16,Missing in Alt,Hills,Cold Semi-arid,-1,5,No port,No,River,Yes,OK,"Farm5, hills, cold_semi_arid, irrigation_river",,,,,,,
Tektosagikon Phrourion,Tektosagikon Phrourion,Asia Minor,Galatia,Tektosagia,Tektosagia,Asia Minor,Asia Minor,16,,Hills,Cold Semi-arid,-1,4,No port,No,No,No,OK,"Farm4, hills, cold_semi_arid",,,,,,,
PONTUS,,,,,,,,,,,,,,,,,,,,,,,,,,
Amaseia,Amaseia,Asia Minor,Pontus,Pontos,Pontos,Asia Minor,Asia Minor,16,,Mountain Valley,Dry Sub-tropical,2,9,No port,Yes,River,Yes,OK,"Farm9, mountain_valley, dry_sub_tropical, rivertrade, irrigation_river",,,,,,,
Trapezous,Trapezous,Asia Minor,Chaldea,Hellenike_Makronia,Hellenike_Makronia,Asia Minor,Asia Minor,16,,Mountains,Humid Sub-tropical,0,5,Shipwright,No,River,No,OK,"Farm5, mountains, humid_sub_tropical, base_port_level_2, irrigation_river",,,,,,,
Kerasous,Kerasous,Asia Minor,Chaldea,Hellenike_Mossynoikia,Hellenike_Mossynoikia,Asia Minor,Asia Minor,16,,Mountains,Temperate,-1,4,Shipwright,No,No,No,OK,"Farm4, mountains, temperate, base_port_level_2",,,,,,,
Komana-Pontos,Komana-Pontos,Asia Minor,Pontus,Hieratikos_Pontos,Hieratikos_Pontos,Asia Minor,Asia Minor,16,,River Valley,Continental,0,9,No port,No,River,Yes,OK,"Farm9, river_valley, continental, irrigation_river",,,,,,,
Amisos,Amisos,Asia Minor,Pontic Coast,Saramene,Saramene,Asia Minor,Asia Minor,16,,Hills,Humid Sub-tropical,1,7,Dockyard,No,River,Yes,OK,"Farm7, hills, humid_sub_tropical, base_port_level_3, irrigation_river",,,,,,,
Zela,Zela,Asia Minor,Pontus,Zelitis,Zelitis,Asia Minor,Asia Minor,16,,Hills,Cold Semi-arid,0,6,No port,No,River,No,OK,"Farm6, hills, cold_semi_arid, irrigation_river",,,,,,,
Themiskyra,Themiskyra,Asia Minor,Chaldea,Themiskyra_Pedion,Themiskyra_Pedion,Asia Minor,Asia Minor,16,,Floodplains/Delta,Temperate,-2,10,Trade Port,Yes,River,No,OK,"Farm10, floodplains_delta, temperate, base_port_level_1, rivertrade, irrigation_river",,,,,,,
Kotyora,Kotyora,Asia Minor,Chaldea,Hellenike_Tibarenia,Hellenike_Tibarenia,Asia Minor,Asia Minor,16,,Mountains,Temperate,2,7,Trade Port,No,River,No,OK,"Farm7, mountains, temperate, base_port_level_1, irrigation_river",,,,,,,
Kabeira,Kabeira,Asia Minor,Pontus,Phanaroia,Phanaroia,Asia Minor,Asia Minor,16,,Mountain Valley,Continental,1,7,No port,No,River,Yes,OK,"Farm7, mountain_valley, continental, irrigation_river",,,,,,,
Gadilon,Gadilon,Asia Minor,Pontic Coast,Gadilonitis,Gadilonitis,Asia Minor,Asia Minor,16,,River Valley,Humid Sub-tropical,-1,9,Trade Port,Yes,River,Yes,OK,"Farm9, river_valley, humid_sub_tropical, base_port_level_1, rivertrade, irrigation_river",,,,,,,
Pontikos-Phourion,,,,Lykos,,Asia Minor,,,Missing in Alt,Hills,Continental,0,5,No port,No,River,Yes,OK,"Farm5, hills, continental, irrigation_river",,,,,,,
CAPPADOCIA,,,,,,,,,,,,,,,,,,,,,,,,,,
Mazaka,Mazaka,Asia Minor,Kappadokia,Kappadokia,Kappadokia,Asia Minor,Asia Minor,16,,Plateau,Cold Semi-arid,2,7,No port,No,Springs,Yes,OK,"Farm7, plateau, cold_semi_arid, irrigation_springs",,,,,,,
Taouion,Taouion,Asia Minor,Kappadokia,Kappadoxia,Kappadoxia,Asia Minor,Asia Minor,16,,Plateau,Cold Semi-arid,1,6,No port,No,River,No,OK,"Farm6, plateau, cold_semi_arid, irrigation_river",,,,,,,
Tyana,Tyana,Asia Minor,Kappadokia,Tyanitis,Tyanitis,Asia Minor,Asia Minor,16,,Plateau,Cold Semi-arid,1,6,No port,No,River,No,OK,"Farm6, plateau, cold_semi_arid, irrigation_river",,,,,,,
Melita,Melita,Asia Minor,Kappadokia,Melitene,Melitene,Asia Minor,Asia Minor,16,,Mountain Valley,Dry Sub-tropical,2,9,No port,No,River,Yes,OK,"Farm9, mountain_valley, dry_sub_tropical, irrigation_river",,,,,,,
Komana-Kappadokia,Komana-Kappadokia,Asia Minor,Kappadokia,Kataonia,Kataonia,Asia Minor,Asia Minor,16,,Mountains,Continental,1,5,No port,Yes,River,Yes,OK,"Farm5, mountains, continental, rivertrade, irrigation_river",,,,,,,
Kamisa,Kamisa,Asia Minor,Kappadokia,Kamisene,Kamisene,Asia Minor,Asia Minor,16,,Plateau,Continental,0,4,No port,No,River,Yes,OK,"Farm4, plateau, continental, irrigation_river",,,,,,,
Ouenasa,Ouenasa,Asia Minor,Kappadokia,Morimene-Chammenene,Morimene,Asia Minor,Asia Minor,16,New Name Change,River Valley,Cold Semi-arid,-2,8,No port,No,River,No,OK,"Farm8, river_valley, cold_semi_arid, irrigation_river",,,,,,,
Garsaoura,Garsaoura,Asia Minor,Kappadokia,Garsaouritis,Garsaouritis,Asia Minor,Asia Minor,16,,Plateau,Cold Semi-arid,1,5,No port,No,No,No,OK,"Farm5, plateau, cold_semi_arid",,,,,,,
Kybistra,Kybistra,Asia Minor,Kappadokia,Kappadokike_Kilikia,Kappadokike_Kilikia,Asia Minor,Asia Minor,16,,Mountain Valley,Cold Semi-arid,-1,6,No port,No,River,No,OK,"Farm6, mountain_valley, cold_semi_arid, irrigation_river",,,,,,,
,Herpa,Asia Minor,Kappadokia,,Sargarausene,Asia Minor,Asia Minor,16,Not in Main Map,,,,,,,,,,#N/A,,,,,,,
Anisa,Anisa,Asia Minor,Kappadokia,Saraouene-Laouiniasene,Anisia-Kappadokia,Asia Minor,Asia Minor,16,New Name Change,Plateau,Cold Semi-arid,1,6,No port,No,Springs,Yes,OK,"Farm6, plateau, cold_semi_arid, irrigation_springs",,,,,,,
,Nora-Kappadokia,Asia Minor,Kappadokia,,Neroassos,Asia Minor,Asia Minor,16,Not in Main Map,,,,,,,,,,#N/A,,,,,,,
CILICIA,,,,,,,,,,,,,,,,,,,,,,,,,,
Tarsos,Tarsos,Asia Minor,Cilicia,Kilikia,Kilikia,Asia Minor,Asia Minor,16,,Floodplains/Delta,Mediterranean,-1,11,Shipwright,Yes,River,No,OK,"Farm11, floodplains_delta, mediterranean, base_port_level_2, rivertrade, irrigation_river",,,,,,,
,Arsinoe-Kilikia,Asia Minor,Cilicia,,Ptolemaike_Kilikia,Asia Minor,Asia Minor,16,Not in Main Map,,,,,,,,,,#N/A,,,,,,,
Seleukeia-Kalykadnos,Seleukeia-Kalykadnos,Asia Minor,Cilicia,Tracheiotis,Tracheiotis,Asia Minor,Asia Minor,16,,Mountain Valley,Mediterranean,-1,6,Dockyard,No,River,No,OK,"Farm6, mountain_valley, mediterranean, base_port_level_3, irrigation_river",,,,,,,
Korakesion,Korakesion,Asia Minor,Pamphylia,Hesperos_Tracheiotis,Hesperos_Kilikia,Asia Minor,Asia Minor,16,New Name Change,Karst Terrain,Mediterranean,0,4,Shipwright,No,No,Yes,OK,"Farm4, karst_terrain, mediterranean, base_port_level_2",,,,,,,
Mallos,Mallos,Asia Minor,Cilicia,Mallotis,Mallotis,Asia Minor,Asia Minor,16,,Wetlands/Swamps/Marshes,Mediterranean,1,7,Trade Port,Yes,River,Yes,OK,"Farm7, wetlands, mediterranean, base_port_level_1, rivertrade, irrigation_river",,,,,,,
Soloi-Kilikia,Soloi-Kilikia,Asia Minor,Cilicia,Mese_Kilikia,Mese_Kilikia,Asia Minor,Asia Minor,16,,Mountain Valley,Mediterranean,0,7,Shipwright,No,River,No,OK,"Farm7, mountain_valley, mediterranean, base_port_level_2, irrigation_river",,,,,,,
Olbe,Olbe,Asia Minor,Cilicia,Anatolike_Tracheiotis,Anatolike_Tracheiotis,Asia Minor,Asia Minor,16,,Karst Terrain,Mediterranean,-1,3,Trade Port,No,No,Yes,OK,"Farm3, karst_terrain, mediterranean, base_port_level_1",,,,,,,
Issos,Issos,Asia Minor,Cilicia,Issikos_Kolpos,Issikos_Kolpos,Asia Minor,Asia Minor,16,,Mountain Valley,Mediterranean,-1,6,Shipwright,No,River,Yes,OK,"Farm6, mountain_valley, mediterranean, base_port_level_2, irrigation_river",,,,,,,
Kastabala,Kastabala,Asia Minor,Cilicia,Pyramos,Pyramos,Asia Minor,Asia Minor,16,,River Valley,Mediterranean,0,10,Needs Harbour,Yes,River,Yes,OK,"Farm10, river_valley, mediterranean, base_port_level_0, rivertrade, irrigation_river",,,,,,,
ARMENIA MINOR,,,,,,,,,,,,,,,,,,,,,,,,,,
Kamakh,Kamakh,Caucasus,Armenia,Mikra_Armenia,Mikra_Armenia,Asia Minor,Caucasus,21,Wrong Area,Mountains,Continental,-1,3,No port,No,River,Yes,OK,"Farm3, mountains, continental, irrigation_river",,,,,,,
Kaballa,Kaballa,Caucasus,Armenia,Syspiritis,Syspiritis,Asia Minor,Caucasus,21,Wrong Area,Mountains,Alpine,0,2,No port,No,No,No,OK,"Farm2, mountains, alpine",,,,,,,
Karana,,,,Karanitis,,Asia Minor,,16,Missing in Alt,Mountain Valley,Continental,-1,5,No port,No,River,Yes,OK,"Farm5, mountain_valley, continental, irrigation_river",,,,,,,
Erez,,,,Akilisene,,Asia Minor,,16,Missing in Alt,Mountain Valley,Continental,1,7,No port,No,River,Yes,OK,"Farm7, mountain_valley, continental, irrigation_river",,,,,,,
LEVANT,,,,,,,,,,,,,,,,,,,,,,,,,,
Antioch,Antioch,Levant,Syria,Syria,Syria,Levant,Levant,17,,River Valley,Mediterranean,2,12,No port,Yes,River,Yes,OK,"Farm12, river_valley, mediterranean, rivertrade, irrigation_river",,,,,,,
Paphos,Paphos,Levant,Cyprus,Paphia,Paphia,Levant,Levant,17,,Hills,Mediterranean,0,6,Shipwright,No,No,Yes,OK,"Farm6, hills, mediterranean, base_port_level_2",,,,,,,
Sidon,Sidon,Levant,Lebanon,Zidun,Zidun,Levant,Levant,17,,Hills,Mediterranean,1,7,Dockyard,No,Springs,Yes,OK,"Farm7, hills, mediterranean, base_port_level_3, irrigation_springs",,,,,,,
Damascus,Damascus,Levant,Syria,Damashq,Damashq,Levant,Levant,17,,Mountain Valley,Dry Sub-tropical,2,9,No port,No,River,No,OK,"Farm9, mountain_valley, dry_sub_tropical, irrigation_river",,,,,,,
Jerusalem,Jerusalem,Levant,Israel,Ioudaia,Ioudaia,Levant,Levant,17,,Hills,Mediterranean,2,8,No port,No,No,Yes,OK,"Farm8, hills, mediterranean",,,,,,,
Gaza,Gaza,Levant,Israel,Gazaia,Gazaia,Levant,Levant,17,,Steppe,Dry Sub-tropical,1,7,Shipwright,No,Springs,Yes,OK,"Farm7, steppe, dry_sub_tropical, base_port_level_2, irrigation_springs",,,,,,,
Kyrrhos,Kyrrhos,Levant,Syria,Kyrrhestike,Kyrrhestike,Levant,Levant,17,,Hills,Dry Sub-tropical,1,7,No port,No,River,No,OK,"Farm7, hills, dry_sub_tropical, irrigation_river",,,,,,,
Laodikeia-Libanos,Laodikeia-Libanos,Levant,Lebanon,Massyas_Pedion,Massyas_Pedion,Levant,Levant,17,,Hills,Mediterranean,1,7,No port,No,Springs,Yes,OK,"Farm7, hills, mediterranean, irrigation_springs",,,,,,,
Pelousion,Pelousion,Egypt,Egyptian Sinai,Pelousiake,Pelousiake,Levant,Egypt,18,Wrong Area,Steppe,Hot Semi-arid,1,7,Shipwright,No,River,Yes,OK,"Farm7, steppe, hot_semi_arid, base_port_level_2, irrigation_river",,,,,,,
Salamis,Salamis,Levant,Cyprus,Salamina,Salamina,Levant,Levant,17,,Grassland,Dry Sub-tropical,-1,8,Dockyard,No,River,No,OK,"Farm8, grassland, dry_sub_tropical, base_port_level_3, irrigation_river",,,,,,,
Europos,,,,Euphratike_Kyrrhestike,,Levant,,,,River Valley,Mediterranean,-2,8,No port,Yes,River,No,OK,"Farm8, river_valley, mediterranean, rivertrade, irrigation_river",,,,,,,
Amathous,Amathous,Levant,Cyprus,Amathousia,Amathousia,Levant,Levant,17,,Hills,Mediterranean,1,7,Shipwright,No,Springs,Yes,OK,"Farm7, hills, mediterranean, base_port_level_2, irrigation_springs",,,,,,,
Soloi,Soloi,Levant,Cyprus,Aipeia,Aipeia,Levant,Levant,17,,Mountain Valley,Mediterranean,-1,6,Trade Port,No,Springs,Yes,OK,"Farm6, mountain_valley, mediterranean, base_port_level_1, irrigation_springs",,,,,,,
Arados,Arados,Levant,Lebanon,Arwad,Arwad,Levant,Levant,17,,Small Islands/Rocky Coast,Mediterranean,1,6,Shipwright,No,River,Yes,OK,"Farm6, small_islands_and_rocky_coast, mediterranean, base_port_level_2, irrigation_river",,,,,,,
Ptolemais-Phoinike,Ptolemais-Phoinike,Levant,Israel,Ake,Ake,Levant,Levant,17,Last Cut,,,,,,,,,,#N/A,,,,,,,
Apameia-Syria,Apameia-Syria,Levant,Syria,Apamene,Apamene,Levant,Levant,17,,River Valley,Mediterranean,1,11,No port,Yes,River,Yes,OK,"Farm11, river_valley, mediterranean, rivertrade, irrigation_river",,,,,,,
Seleukeia-Pieria,Seleukeia-Pieria,Levant,Syria,Pieria-Syria,Pieria-Syria,Levant,Levant,17,,Mountain Valley,Mediterranean,2,9,Dockyard,Yes,River,Yes,OK,"Farm9, mountain_valley, mediterranean, base_port_level_3, rivertrade, irrigation_river",,,,,,,
Laodikeia-Paralos,Laodikeia-Paralos,Levant,Syria,Leuke_Akte,Leuke_Akte,Levant,Levant,17,,Mountain Valley,Mediterranean,2,9,Shipwright,No,River,Yes,OK,"Farm9, mountain_valley, mediterranean, base_port_level_2, irrigation_river",,,,,,,
Tyre,Tyre,Levant,Lebanon,Zur,Zur,Levant,Levant,17,,Hills,Mediterranean,2,8,Dockyard,No,River,Yes,OK,"Farm8, hills, mediterranean, base_port_level_3, irrigation_river",,,,,,,
Philadelpheia,Philadelpheia,Levant,Jordan,Rabat_Xaman,Rabat_Xaman,Levant,Levant,17,,Plateau,Mediterranean,1,6,No port,No,Springs,No,OK,"Farm6, plateau, mediterranean, irrigation_springs",,,,,,,
Byblos,Byblos,Levant,Lebanon,Gebal,Gebal,Levant,Levant,17,,Hills,Mediterranean,0,6,Shipwright,No,Springs,Yes,OK,"Farm6, hills, mediterranean, base_port_level_2, irrigation_springs",,,,,,,
Ioppe,Ioppe,Levant,Israel,Paralia,Paralia,Levant,Levant,17,,Grassland,Mediterranean,1,10,Shipwright,No,No,Yes,OK,"Farm10, grassland, mediterranean, base_port_level_2",,,,,,,
Gadara,Gadara,Levant,Jordan,Gadaris,Gadaris,Levant,Levant,17,,River Valley,Mediterranean,0,10,No port,No,River,Yes,OK,"Farm10, river_valley, mediterranean, irrigation_river",,,,,,,
Samareia,Samareia,Levant,Israel,Shamerayin,Shamerayin,Levant,Levant,17,,Plateau,Mediterranean,2,7,No port,No,No,Yes,OK,"Farm7, plateau, mediterranean",,,,,,,
Beroia-Syria,Beroia-Syria,Levant,Syria,Khalab,Khalab,Levant,Levant,17,,Grassland,Dry Sub-tropical,1,9,No port,No,No,Yes,OK,"Farm9, grassland, dry_sub_tropical",,,,,,,
Arethousa,Arethousa,Levant,Syria,Emesene,Emesene,Levant,Levant,17,,River Valley,Dry Sub-tropical,-2,8,No port,No,River,No,OK,"Farm8, river_valley, dry_sub_tropical, irrigation_river",,,,,,,
,Paneas,Levant,Lebanon,,GaulanitisB,Levant,Levant,17,Not in Main Map,,,,,,,,,,#N/A,,,,,,,
Berytos,Berytos,Levant,Lebanon,Beruta,Beruta,Levant,Levant,17,,Mountain Valley,Mediterranean,0,7,Shipwright,No,River,Yes,OK,"Farm7, mountain_valley, mediterranean, base_port_level_2, irrigation_river",,,,,,,
,Kition,Levant,Cyprus,,Kitiy,Levant,Levant,17,Not in Main Map,,,,,,,,,,#N/A,,,,,,,
Eboda,Eboda,Arabia,Sinai and Nabataea,Hesperos_Arabia,Hesperos_Arabia,Levant,Arabia,20,Wrong Area,Desert,Arid,0,3,Trade Port,No,Springs,Yes,OK,"Farm3, desert, arid, base_port_level_1, irrigation_springs",cisterns,,,,,,
Madaba,Madaba,Levant,Jordan,Madabitis,Madabitis,Levant,Levant,17,,Plateau,Dry Sub-tropical,1,5,No port,No,No,Yes,OK,"Farm5, plateau, dry_sub_tropical",,,,,,,
,Kourion,Levant,Cyprus,,Kuri,Levant,Levant,17,Not in Main Map,,,,,,,,,,#N/A,,,,,,,
Herakleia-Phoinike,Herakleia-Phoinike,Levant,Lebanon,Arka,Arka,Levant,Levant,17,,Mountain Valley,Mediterranean,0,7,Shipwright,No,Springs,Yes,OK,"Farm7, mountain_valley, mediterranean, base_port_level_2, irrigation_springs",,,,,,,
Pella-Peraia,,,,Peraia,,Levant,,17,Missing in Alt,River Valley,Dry Sub-tropical,-1,9,No port,No,River,Yes,OK,"Farm9, river_valley, dry_sub_tropical, irrigation_river",,,,,,,
Kanatha,Kanatha,Levant,Jordan,Trachonitis,Trachonitis,Levant,Levant,17,,Plateau,Dry Sub-tropical,2,6,No port,No,No,No,OK,"Farm6, plateau, dry_sub_tropical",,,,,,,
Ailana,Ailana,Arabia,Sinai and Nabataea,Ailanitos_Kolpos,Ailanitos_Kolpos,Levant,Arabia,20,Wrong Area,Mountains,Arid,0,2,Shipwright,No,No,Yes,OK,"Farm2, mountains, arid, base_port_level_2",,,,,,,
Askalon,Askalon,Levant,Israel,Ashqalon,Ashqalon,Levant,Levant,17,,Grassland,Dry Sub-tropical,-2,7,Shipwright,No,Springs,Yes,OK,"Farm7, grassland, dry_sub_tropical, base_port_level_2, irrigation_springs",,,,,,,
Amathe,,,,Khamat,,Levant,,17,Missing in Alt,River Valley,Dry Sub-tropical,-1,9,No port,No,River,No,OK,"Farm9, river_valley, dry_sub_tropical, irrigation_river",,,,,,,
Hebron,Hebron,Levant,Israel,Idoumaia,Idoumaia,Levant,Levant,17,,Hills,Dry Sub-tropical,1,6,No port,No,No,Yes,OK,"Farm6, hills, dry_sub_tropical",,,,,,,
Gamala,Gamala,Levant,Lebanon,Gaulanitis,Gaulanitis,Levant,Levant,17,,Plateau,Mediterranean,2,7,No port,No,No,Yes,OK,"Farm7, plateau, mediterranean",,,,,,,
Azotos,Azotos,Levant,Israel,Ashdud,Ashdud,Levant,Levant,17,,Grassland,Mediterranean,-2,7,Shipwright,No,No,Yes,OK,"Farm7, grassland, mediterranean, base_port_level_2",,,,,,,
Chalkis-Libanos,Chalkis-Libanos,Levant,Lebanon,Massyas,Massyas,Levant,Levant,17,,Mountain Valley,Temperate,1,8,No port,No,Springs,Yes,OK,"Farm8, mountain_valley, temperate, irrigation_springs",,,,,,,
Abai,Abai,Levant,Lebanon,Zabadaia,Zabadaia,Levant,Levant,17,,Mountains,Temperate,-1,4,No port,No,Springs,Yes,OK,"Farm4, mountains, temperate, irrigation_springs",,,,,,,
Dora,Dora,Levant,Israel,Boreia_Palaistine,Boreia_Palaistine,Levant,Levant,17,,Hills,Mediterranean,2,8,Dockyard,No,No,Yes,OK,"Farm8, hills, mediterranean, base_port_level_3",,,,,,,
,Gerasa,Levant,Jordan,,Chrysorrhoas,Levant,Levant,17,Not in Main Map,,,,,,,,,,#N/A,,,,,,,
Abila,Abila,Levant,Jordan,Abilene,Abilene,Levant,Levant,17,,Hills,Mediterranean,1,7,No port,No,River,No,OK,"Farm7, hills, mediterranean, irrigation_river",,,,,,,
EGYPT,,,,,,,,,,,,,,,,,,,,,,,,,,
Alexandria,Alexandria,Egypt,Lower Egypt,Gynaikopolites_Nomos,Gynaikopolites_Nomos,Egypt,Egypt,18,,Floodplains/Delta,Mediterranean,1,13,Dockyard,yes,River,yes,OK,"Farm13, floodplains_delta, mediterranean, base_port_level_3, rivertrade, irrigation_river",,,,,,,
Memphis,Memphis,Egypt,Lower Egypt,Memphites-Letopolites_Nomoi,Memphites-Letopolites_Nomoi,Egypt,Egypt,18,,Floodplains/Delta,Hot Semi-arid,2,14,No port,yes,River,yes,OK,"Farm14, floodplains_delta, hot_semi_arid, rivertrade, irrigation_river",,,,,,,
Ptolemais-Hermeiou,Ptolemais-Hermeiou,Egypt,Upper Egypt,Thinites-Diospolites_Mikros_Nomoi,Thinites-Diospolites_Mikros_Nomoi,Egypt,Egypt,18,,Floodplains/Delta,Arid,-1,10,No port,yes,River,yes,OK,"Farm10, floodplains_delta, arid, rivertrade, irrigation_river",,,,,,,
Thebes-Megale Diospolis,Thebes-Megale Diospolis,Egypt,Upper Egypt,Peri_Thebas-Pathyrites_Nomos,Peri_Thebas-Pathyrites_Nomos,Egypt,Egypt,18,,Floodplains/Delta,Arid,-1,10,No port,yes,River,Yes,OK,"Farm10, floodplains_delta, arid, rivertrade, irrigation_river",,,,,,,
Kyrene,Kyrene,North Africa,Kyreneika,Kyrenaike,Kyrenaike,Egypt,Egypt,18,Wrong Area,Grassland,Mediterranean,2,11,Dockyard,No,Springs,Yes,OK,"Farm11, grassland, mediterranean, base_port_level_3, irrigation_springs",,,,,,,
Augila,Augila,North Africa,Kyreneika,Nasamonia,Nasamonia,Egypt,Egypt,18,Wrong Area,Desert,Arid,0,3,No port,No,Oasis,Yes,OK,"Farm3, desert, arid, irrigation_oasis",,,,,,,
Paraitonion,Paraitonion,North Africa,Kyreneika,Hesperos_Aigyptos,Hesperos_Aigyptos,Egypt,Egypt,18,Wrong Area,Steppe,Hot Semi-arid,1,5,Dockyard,No,No,Yes,OK,"Farm5, steppe, hot_semi_arid, base_port_level_3",,,,,,,
Euesperides,Berenike-Kyrenaike,North Africa,Kyreneika,Euesperidai,Euesperides,Egypt,Egypt,18,Name Change,Steppe,Hot Semi-arid,1,7,Shipwright,No,River,No,OK,"Farm7, steppe, hot_semi_arid, base_port_level_2, irrigation_river","fruit, 1 timber somewhere on the kyreneican coast",,,,,,
Ptolemais-Kyrenaike,Ptolemais-Kyrenaike,North Africa,Kyreneika,Barke,Barke,Egypt,Egypt,18,,Grassland,Dry Sub-tropical,-1,8,Shipwright,No,River,No,OK,"Farm8, grassland, dry_sub_tropical, base_port_level_2, irrigation_river",,,,,,,
Arsinoe-Krokodeilon Polis,Arsinoe-Krokodeilon Polis,Egypt,Lower Egypt,Arsinoites-Aphroditopolites_Nomoi,Arsinoites-Aphroditopolites_Nomoi,Egypt,Egypt,18,,Wetlands/Swamps/Marshes,Hot Semi-arid,2,6,No port,Yes,Lake,yes,OK,"Farm6, wetlands, hot_semi_arid, rivertrade, irrigation_lake",,,,,,,
Megale Apollonos Polis,Megale Apollonos Polis,Egypt,Upper Egypt,Apollonopolites-Latopolites_Nomoi,Apollonopolites-Latopolites_Nomoi,Egypt,Egypt,18,,River Valley,Arid,0,9,No port,yes,river,no,OK,"Farm9, river_valley, arid, rivertrade, irrigation_river",,,,,,,
Berenike-Trogodytike,Berenike-Trogodytike,Egypt,Eastern desert,Boreia_Trogodytike,Boreia_Trogodytike,Egypt,Egypt,18,,Desert,Arid,1,2,Dockyard,no,no,yes,OK,"Farm2, desert, arid, base_port_level_3",,,,,,,
Arsinoe-Klysma,Arsinoe-Klysma,Egypt,Egyptian Sinai,Heroon_Kolpos,Heroon_Kolpos,Egypt,Egypt,18,,Desert,Arid,1,2,Shipwright,No,No,Yes,OK,"Farm2, desert, arid, base_port_level_2",,,,,,,
Oxyrhynchos,Oxyrhynchos,Egypt,Lower Egypt,Oxyrhynchites-Herakleopolites_Nomoi,Oxyrhynchites-Herakleopolites_Nomoi,Egypt,Egypt,18,,Floodplains/Delta,Arid,1,12,No port,yes,River,yes,OK,"Farm12, floodplains_delta, arid, rivertrade, irrigation_river",,,,,,,
Naukratis,Naukratis,Egypt,Lower Egypt,Menelaites-Prosopites_Nomoi,Menelaites-Prosopites_Nomoi,Egypt,Egypt,18,,Floodplains/Delta,Mediterranean,1,13,Shipwright,yes,River,no,OK,"Farm13, floodplains_delta, mediterranean, base_port_level_2, rivertrade, irrigation_river",,,,,,,
Hermou Polis,Hermou Polis,Egypt,Lower Egypt,Hermopolites-Kynopolites_Nomoi,Hermopolites-Kynopolites_Nomoi,Egypt,Egypt,18,,Floodplains/Delta,Arid,0,11,No port,yes,River,no,OK,"Farm11, floodplains_delta, arid, rivertrade, irrigation_river",,,,,,,
Syene-Elephantine,Syene-Elephantine,Egypt,Upper Egypt,Ombites_Nomos,Ombites_Nomos,Egypt,Egypt,18,,River Valley,Arid,-1,8,No port,yes,River,yes,OK,"Farm8, river_valley, arid, rivertrade, irrigation_river",,,,,,,
Tanis,Tanis,Egypt,Lower Egypt,Tanites-Sethroites_Nomoi,Tanites-Sethroites_Nomoi,Egypt,Egypt,18,,Wetlands/Swamps/Marshes,Dry Sub-tropical,2,7,Needs Harbour,yes,River,yes,OK,"Farm7, wetlands, dry_sub_tropical, base_port_level_0, rivertrade, irrigation_river",,,,,,,
Lykon Polis,Lykon Polis,Egypt,Upper Egypt,Lykopolites-Hypselites_Nomoi,Lykopolites-Hypselites_Nomoi,Egypt,Egypt,18,,Floodplains/Delta,Arid,0,11,No port,yes,River,no,OK,"Farm11, floodplains_delta, arid, rivertrade, irrigation_river",,,,,,,
Hibis,Hibis,Egypt,Upper Egypt,Prote_Oasis,Prote_Oasis,Egypt,Egypt,18,,Desert,Arid,0,3,No port,No,oasis,no,OK,"Farm3, desert, arid, irrigation_oasis",,,,,,,
Zeszes,,,,Deutera_Oasis,,Egypt,,18,Missing in Alt,Desert,Arid,1,4,No port,No,Oasis,No,OK,"Farm4, desert, arid, irrigation_oasis",,,,,,,
Mothis,,,,Trite_Oasis,,Egypt,,18,Last Cut,,,,,,,,,,#N/A,,,,,,,
Ammonion,Ammonion,North Africa,Kyreneika,Ammonia,Ammonia,Egypt,Egypt,18,Wrong Area,Desert,Arid,1,4,No port,No,Oasis,Yes,OK,"Farm4, desert, arid, irrigation_oasis",,,,,,,
Automala,Automala,North Africa,Kyreneika,Hesperos_Kyrenaike,Hesperos_Kyrenaike,Egypt,Egypt,18,Wrong Area,Desert,Hot Semi-arid,0,2,Needs Harbour,No,No,No,OK,"Farm2, desert, hot_semi_arid, base_port_level_0",,,,,,,
Myos Hormos,Myos Hormos,Egypt,Eastern desert,Arabike_Aigyptos,Arabike_Aigyptos,Egypt,Egypt,18,,Desert,Arid,1,2,Shipwright,No,no,Yes,OK,"Farm2, desert, arid, base_port_level_2",,,,,,,
Rhaithou,,,,Pharanitaia,,Egypt,,18,Missing in Alt,Mountains,Arid,0,2,Trade Port,No,No,Yes,OK,"Farm2, mountains, arid, base_port_level_1",,,,,,,
Tetrapyrgia,Tetrapyrgia,North Africa,Kyreneika,Katabathmos,Katabathmos,Egypt,Egypt,18,Wrong Area,Desert,Hot Semi-arid,1,3,Needs Harbour,No,No,No,OK,"Farm3, desert, hot_semi_arid, base_port_level_0",,,,,,,
,Antipyrgos,North Africa,Kyreneika,,Anatolike_Kyrenaike,Egypt,Egypt,18,Not in Main Map,,,,,,,,,,#N/A,,,,,,,
,Letous Polis,Egypt,Lower Egypt,,Letopolites_Nomos,Egypt,Egypt,18,Not in Main Map,,,,,,,,,,#N/A,,,,,,,
Sais,Sais,Egypt,Lower Egypt,Saites-Xoites_Nomoi,Saites-Xoites_Nomoi,Egypt,Egypt,18,,Floodplains/Delta,Mediterranean,0,12,Needs Harbour,yes,River,no,OK,"Farm12, floodplains_delta, mediterranean, base_port_level_0, rivertrade, irrigation_river",,,,,,,
Heroon Polis,Heroon Polis,Egypt,Lower Egypt,Heroopolites-Heliopolites_Nomoi,Heroopolites-Heliopolites_Nomoi,Egypt,Egypt,18,,River Valley,Hot Semi-arid,-1,9,No port,Yes,River,yes,OK,"Farm9, river_valley, hot_semi_arid, rivertrade, irrigation_river",,,,,,,
Boubastis,Boubastis,Egypt,Lower Egypt,Boubastites-Arabia_Nomoi,Boubastites-Arabia_Nomoi,Egypt,Egypt,18,,Floodplains/Delta,Hot Semi-arid,0,12,No port,yes,River,yes,OK,"Farm12, floodplains_delta, hot_semi_arid, rivertrade, irrigation_river",inland fishing village,,,,,,
,Pathyris-Laton Polis,Egypt,Upper Egypt,,Pathyrites-Latopolites_Nomoi,Egypt,Egypt,18,Not in Main Map,,,,,,,,,,#N/A,,,,,,,
Mikra Apollonos Polis,Mikra Apollonos Polis,Egypt,Upper Egypt,Koptites-Tentyrites_Nomoi,Koptites-Tentyrites_Nomoi,Egypt,Egypt,18,,Floodplains/Delta,Arid,-1,10,No port,yes,river,yes,OK,"Farm10, floodplains_delta, arid, rivertrade, irrigation_river",,,,,,,
,Thinis-Abydos,Egypt,Upper Egypt,,Thinites_Nomos,Egypt,Egypt,18,Not in Main Map,,,,,,,,,,#N/A,,,,,,,
Panos Polis,Panos Polis,Egypt,Upper Egypt,Panopolites-Antaiopolites_Nomoi,Panopolites-Antaiopolites_Nomoi,Egypt,Egypt,18,,Floodplains/Delta,Arid,-1,10,No port,yes,river,yes,OK,"Farm10, floodplains_delta, arid, rivertrade, irrigation_river",,,,,,,
Philotera,Philotera,Egypt,Eastern desert,Erythra_Thalassa,Erythra_Thalassa,Egypt,Egypt,18,,Desert,Arid,1,2,Trade Port,no,no,yes,OK,"Farm2, desert, arid, base_port_level_1",,,,,,,
Soknopaiou Nesos,Soknopaiou Nesos,Egypt,Lower Egypt,Moeris_Limen,Moeris_Limen,Egypt,Egypt,18,Last Cut,,,,,,,,,,#N/A,,,,,,,
Marmarike Oasis,,,,Marmarike,,Egypt,,18,Missing in Alt,Desert,Arid,-1,2,No port,No,Oasis,No,OK,"Farm2, desert, arid, irrigation_oasis",,,,,,,
Lybike Oasis,,,,Notia_Libya,,Egypt,,18,Missing in Alt,Desert,Arid,0,3,No port,No,Oasis,No,OK,"Farm3, desert, arid, irrigation_oasis",,,,,,,
Athribis,,,,Athribites-Leontopolites_Nomoi,,Egypt,,18,Missing in Alt,Floodplains/Delta,Hot Semi-arid,2,14,No port,Yes,River,No,OK,"Farm14, floodplains_delta, hot_semi_arid, rivertrade, irrigation_river",no fishing village,,,,,,
Sebennytos-Bousiris,Sebennytos-Bousiris,Egypt,Lower Egypt,Sebennytes-Bousirites_Nomoi,Sebennytes-Bousirites_Nomoi,Egypt,Egypt,18,,Floodplains/Delta,Mediterranean,1,13,Trade Port,yes,River,No,OK,"Farm13, floodplains_delta, mediterranean, base_port_level_1, rivertrade, irrigation_river",,,,,,,
Mendes-Thmouis,,,,Mendesios-Diospolites_Kato_Nomoi,,Egypt,,18,Missing in Alt,Wetlands/Swamps/Marshes,Mediterranean,1,7,Shipwright,Yes,River,No,OK,"Farm7, wetlands, mediterranean, base_port_level_2, rivertrade, irrigation_river",inland fishing village,,,,,,
Alexandrou Parembole,,,,Boreia_Libya,,Egypt,,18,Missing in Alt,Desert,Arid,-1,2,No port,No,Oasis,No,OK,"Farm2, desert, arid, irrigation_oasis",,,,,,,
Arsinoe-Kyrenaike,,,,Taucheira,,Egypt,,18,Missing in Alt,Grassland,Dry Sub-tropical,-1,8,Trade Port,No,Springs,No,OK,"Farm8, grassland, dry_sub_tropical, base_port_level_1, irrigation_springs",,,,,,,
,Syene-Philai,Egypt,Upper Egypt,,Notios_Ombites_Nomos,Egypt,Egypt,18,,,,,,,,,,,#N/A,,,,,,,
ETHIOPIA,,,,,,,,,,,,,,,,,,,,,,,,,,
Meroe,Meroe,Ethiopia,Nubia,Medwi,Medwi,Ethiopia,Ethiopia,19,,Floodplains/Delta,Hot Semi-arid,-1,11,No port,Yes,River,No,OK,"Farm11, floodplains_delta, hot_semi_arid, rivertrade, irrigation_river",,,,,,,
Tachompso-Pselkis,Tachompso-Pselkis,Ethiopia,Ptolomeic Nubia,Dodekaschoinos,Dodekaschoinos,Ethiopia,Ethiopia,19,,Desert,Arid,2,5,No port,No,River,No,OK,"Farm5, desert, arid, irrigation_river",,,,,,,
Pachora,Pachora,Ethiopia,Ptolomeic Nubia,Triakontaschoinos,Triakontaschoinos,Ethiopia,Ethiopia,19,,Desert,Arid,2,5,No port,No,River,No,OK,"Farm5, desert, arid, irrigation_river",,,,,,,
Mikra Primis,Mikra Primis,Ethiopia,Nubia,Pedeme,Pedeme,Ethiopia,Ethiopia,19,,Desert,Arid,1,4,No port,No,River,Yes,OK,"Farm4, desert, arid, irrigation_river",,,,,,,
Attena,Attena,Ethiopia,Ptolomeic Nubia,Euonymitaia,Euonymitaia,Ethiopia,Ethiopia,19,,Desert,Arid,1,4,No port,No,River,Yes,OK,"Farm4, desert, arid, irrigation_river",,,,,,,
,Hypaton,Ethiopia,Nubia,,Moulon,Ethiopia,Ethiopia,19,Not in Main Map,,,,,,,,,,#N/A,,,,,,,
Napata,Napata,Ethiopia,Nubia,Napa,Napa,Ethiopia,Ethiopia,19,,Floodplains/Delta,Arid,-2,9,No port,Yes,River,No,OK,"Farm9, floodplains_delta, arid, rivertrade, irrigation_river",,,,,,,
,Sandake,Ethiopia,Nubia,,Mese_Aithiopia,Ethiopia,Ethiopia,19,Not in Main Map,,,,,,,,,,#N/A,,,,,,,
Sekande,Sekande,Ethiopia,Nubia,Sirtibis,Sirtibis,Ethiopia,Ethiopia,19,,River Valley,Arid,-2,7,No port,No,River,No,OK,"Farm7, river_valley, arid, irrigation_river",,,,,,,
Berenike-Panchrysos,Berenike-Panchrysos,Ethiopia,Ptolomeic Nubia,Aidaia,Aidaia,Ethiopia,Ethiopia,19,,Desert,Arid,0,1,Needs Harbour,No,No,No,OK,"Farm1, desert, arid, base_port_level_0",,,,,,,
Tenoupsis,Tenoupsis,Ethiopia,Nubia,Noubaia,Noubaia,Ethiopia,Ethiopia,19,,Desert,Arid,0,1,No port,No,No,No,OK,"Farm1, desert, arid",,,,,,,
,Araba,Ethiopia,Nubia,,Sebridaia,Ethiopia,Ethiopia,19,Not in Main Map,,,,,,,,,,#N/A,,,,,,,
,Eser,Ethiopia,Ethiopian Lowlands,,Eseria,Ethiopia,Ethiopia,19,Not in Main Map,,,,,,,,,,#N/A,,,,,,,
Ptolemais-Theron,Ptolemais-Theron,Ethiopia,Nubian Coast,Epi_Theron,Epi_Theron,Ethiopia,Ethiopia,19,,Steppe,Hot Semi-arid,-1,3,Shipwright,No,No,Yes,OK,"Farm3, steppe, hot_semi_arid, base_port_level_2",,,,,,,
Adoulis,Adoulis,Ethiopia,Nubian Coast,Adouli,Adouli,Ethiopia,Ethiopia,19,,Mountain Valley,Hot Semi-arid,-2,5,Shipwright,No,Springs,Yes,OK,"Farm5, mountain_valley, hot_semi_arid, base_port_level_2, irrigation_springs",,,,,,,
Berenike-Deire,Berenike-Deire,Ethiopia,Nubian Coast,Deire,Deire,Ethiopia,Ethiopia,19,,Desert,Arid,1,2,Shipwright,No,No,Yes,OK,"Farm2, desert, arid, base_port_level_2",,,,,,,
Malao,Malao,Ethiopia,Punt,Malaotis,Malaotis,Ethiopia,Ethiopia,19,,Steppe,Hot Semi-arid,-1,5,Shipwright,No,River,No,OK,"Farm5, steppe, hot_semi_arid, base_port_level_2, irrigation_river",,,,,,,
Mosyllon,Mosyllon,Ethiopia,Punt,Mosyllia,Mosyllia,Ethiopia,Ethiopia,19,,Hills,Arid,-1,2,Trade Port,No,No,No,OK,"Farm2, hills, arid, base_port_level_1",,,,,,,
Opone,Opone,Ethiopia,Punt,Oponis,Oponis,Ethiopia,Ethiopia,19,,Small Islands/Rocky Coast,Arid,1,3,Dockyard,No,No,No,OK,"Farm3, small_islands_and_rocky_coast, arid, base_port_level_3",,,,,,,
Auxoume,Auxoume,Ethiopia,Ethiopian Highlands,Axoumitis,Axoumitis,Ethiopia,Ethiopia,19,,Plateau,Monsoon,2,7,No port,No,Springs,Yes,OK,"Farm7, plateau, monsoon, irrigation_springs",,,,,,,
Megabaron Kome,Megabaron Kome,Ethiopia,Ethiopian Lowlands,Megabaria,Megabaria,Ethiopia,Ethiopia,19,Old Apaion Kome,Steppe,Hot Semi-arid,0,6,No port,Yes,River,No,OK,"Farm6, steppe, hot_semi_arid, rivertrade, irrigation_river",,,,,,,
Apokopa,Apokopa,Ethiopia,Punt,Azania,Azania,Ethiopia,Ethiopia,19,,Desert,Arid,0,1,Trade Port,No,No,No,OK,"Farm1, desert, arid, base_port_level_1",,,,,,,
Sabbata,Sabbata,Ethiopia,Nubian Coast,Trogodytike,Trogodytike,Ethiopia,Ethiopia,19,,Desert,Arid,0,3,Needs Harbour,No,Springs,Yes,OK,"Farm3, desert, arid, base_port_level_0, irrigation_springs",,,,,,,
,Talmis,Ethiopia,Ptolomeic Nubia,,Mikros_Katarrhaktes,Ethiopia,Ethiopia,19,Not in Main Map,,,,,,,,,,#N/A,,,,,,,
Premnis,Premnis,Ethiopia,Ptolomeic Nubia,Notios_Dodekaschoinos,Notios_Dodekaschoinos2,Ethiopia,Ethiopia,19,Name Change,Desert,Arid,2,5,No port,No,River,No,OK,"Farm5, desert, arid, irrigation_river",,,,,,,
Darada,Darada,Ethiopia,Nubian Coast,Notia_Trogodytike,Notia_Trogodytike,Ethiopia,Ethiopia,19,,Steppe,Hot Semi-arid,-2,4,Trade Port,No,River,Yes,OK,"Farm4, steppe, hot_semi_arid, base_port_level_1, irrigation_river",,,,,,,
Aualites,Aualites,Ethiopia,Punt,Aualitaia,Aualitaia,Ethiopia,Ethiopia,19,,Desert,Arid,1,2,Shipwright,No,No,Yes,OK,"Farm2, desert, arid, base_port_level_2",,,,,,,
Asachaiopolis,Asachaiopolis,Ethiopia,Ethiopian Highlands,Yikha,Yikha,Ethiopia,Ethiopia,19,,Plateau,Monsoon,2,7,No port,No,No,Yes,OK,"Farm7, plateau, monsoon",,,,,,,
Sembobitis,,,,,,Ethiopia,,,,Steppe,Hot Semi-arid,0,6,No port,Yes,River,No,OK,"Farm6, steppe, hot_semi_arid, rivertrade, irrigation_river",,,,,,,
Kandragori,Kandragori,Ethiopia,Nubia,Notia_Meroitis,Notia_Meroitis,Ethiopia,Ethiopia,19,,Grassland,Hot Semi-arid,-2,7,No port,Yes,River,No,OK,"Farm7, grassland, hot_semi_arid, rivertrade, irrigation_river",,,,,,,
Araba,Araba,Ethiopia,Nubia,Aborepi,Aborepi,Ethiopia,Ethiopia,19,,Floodplains/Delta,Hot Semi-arid,-2,10,No port,Yes,River,No,OK,"Farm10, floodplains_delta, hot_semi_arid, rivertrade, irrigation_river",,,,,,,
Koloe,Koloe,Ethiopia,Ethiopian Highlands,Ano_Aithiopia,Ano_Aithiopia,Ethiopia,Ethiopia,19,,Mountains,Monsoon,1,6,No port,No,Springs,Yes,OK,"Farm6, mountains, monsoon, irrigation_springs",,,,,,,
Boron,Boron,Ethiopia,Nubia,Blemmyia,Blemmyia,Ethiopia,Ethiopia,19,,Steppe,Hot Semi-arid,-1,3,No port,No,No,No,OK,"Farm3, steppe, hot_semi_arid",,,,,,,
Sabai,Sabai,Ethiopia,Nubian Coast,Sabaike_Aithiopia,Sabaike_Aithiopia,Ethiopia,Ethiopia,19,,Hills,Hot Semi-arid,0,4,Shipwright,No,No,Yes,OK,"Farm4, hills, hot_semi_arid, base_port_level_2",,,,,,,
,Sesamos-Dodekaschoinos,Ethiopia,Ptolomeic Nubia,,Notios_Dodekaschoinos,Ethiopia,Ethiopia,19,Not in Main Map,,,,,,,,,,#N/A,,,,,,,
,Kambysou Tameia,Ethiopia,Ptolomeic Nubia,,Megas_Katarrhaktes,Ethiopia,Ethiopia,19,Not in Main Map,,,,,,,,,,#N/A,,,,,,,
Adaboulopolis,Adaboulopolis,Ethiopia,Ethiopian Highlands,Adaboulia,Adaboulia,Ethiopia,Ethiopia,19,,Mountains,Monsoon,0,5,No port,No,Springs,No,OK,"Farm5, mountains, monsoon, irrigation_springs",,,,,,,
Makoua,Makoua,Ethiopia,Nubia,Notia_Euonymitaia,Notia_Euonymitaia,Ethiopia,Ethiopia,19,,River Valley,Arid,-2,7,No port,No,River,No,OK,"Farm7, river_valley, arid, irrigation_river",,,,,,,
,Pselkis,Ethiopia,Ptolomeic Nubia,,Boreios_Dodekaschoinos,Ethiopia,Ethiopia,19,Not in Main Map,,,,,,,,,,#N/A,,,,,,,
Moundos,Moundos,Ethiopia,Punt,Anatolike_Mosyllia,Anatolike_Mosyllia,Ethiopia,Ethiopia,19,Last Cut,,,,,,,,,,#N/A,,,,,,,
Aromaton Emporion,Aromaton Emporion,Ethiopia,Punt,Aromaton_Akroterion,Aromaton_Akroterion,Ethiopia,Ethiopia,19,,Hills,Arid,0,3,Trade Port,No,No,No,OK,"Farm3, hills, arid, base_port_level_1",,,,,,,
Aithiopikon Kome,Aithiopikon Kome,Ethiopia,Ethiopian Lowlands,Aithiopia,Aithiopia,Ethiopia,Ethiopia,19,,Desert,Hot Semi-arid,0,2,No port,No,No,No,OK,"Farm2, desert, hot_semi_arid",,,,,,,
,The Path to the Rhapsian Aethiopians and the Nile Marshes,Ethiopia,Ethiopian Lowlands,,The_Path_to_the_Rhapsian_Aethiopians_and_the_Nile_Marshes,Ethiopia,Ethiopia,19,Not in Main Map,,,,,,,,,,#N/A,,,,,,,
,The Road to the City of Rapta and the Interior of Azania,Ethiopia,Punt,,The_Road_to_the_City_of_Rapta_and_the_Interior_of_Azania,Ethiopia,Ethiopia,19,Not in Main Map,,,,,,,,,,#N/A,,,,,,,
ARABIA,,,,,,,,,,,,,,,,,,,,,,,,,,
Petra,Petra,Arabia,Sinai and Nabataea,Raqemo,Raqemo,Arabia,Arabia,20,,Mountain Valley,Cold Semi-arid,-1,5,No port,No,Aquifer,Yes,OK,"Farm5, mountain_valley, cold_semi_arid, irrigation_aquifer",,,,,,,
Bostra,Bostra,Levant,Jordan,Aouranitis,Aouranitis,Arabia,Levant,17,Wrong Area,Plateau,Dry Sub-tropical,2,6,No port,No,Aquifer,No,OK,"Farm6, plateau, dry_sub_tropical, irrigation_aquifer",,,,,,,
Palmyra,Palmyra,Levant,Syria,Palmyrene,Palmyrene,Arabia,Levant,17,Wrong Area,Desert,Arid,2,5,No port,No,Oasis,No,OK,"Farm5, desert, arid, irrigation_oasis",,,,,,,
Gerrha,Gerrha,Arabia,Gherran Coast,Gerrhaia,Gerrhaia,Arabia,Arabia,20,,Desert,Arid,2,5,Shipwright,No,Oasis,No,OK,"Farm5, desert, arid, base_port_level_2, irrigation_oasis",,,,,,,
Egra,Egra,Arabia,Hejaz,Lechienia,Lechienia,Arabia,Arabia,20,,Desert,Arid,2,3,No port,No,Aquifer,No,OK,"Farm3, desert, arid, irrigation_aquifer",,,,,,,
Marib,Marib,Arabia,Yemen,Sabaia,Sabaia,Arabia,Arabia,20,,Mountain Valley,Hot Semi-arid,2,9,No port,No,Lake,No,OK,"Farm9, mountain_valley, hot_semi_arid, irrigation_lake","if the dambuilding provides a lot of farming +, reduce fertility",,,,,,
Omana,Omana,Arabia,Oman,Omanitis,Omanitis,Arabia,Arabia,20,,Desert,Arid,1,2,Shipwright,No,Aquifer,No,OK,"Farm2, desert, arid, base_port_level_2, irrigation_aquifer",,,,,,,
Tylos,Tylos,Arabia,Gherran Coast,Tylos,Tylos,Arabia,Arabia,20,,Small Islands/Rocky Coast,Arid,0,2,Shipwright,No,No,No,OK,"Farm2, small_islands_and_rocky_coast, arid, base_port_level_2",,,,,,,
Karna,Karna,Arabia,Inner Arabia,Qarnawu,Qarnawu,Arabia,Arabia,20,,Desert,Arid,-1,2,No port,No,Oasis,No,OK,"Farm2, desert, arid, irrigation_oasis",,,,,,,
Tamna,Tamna,Arabia,Yemen,Kattabaneia,Kattabaneia,Arabia,Arabia,20,,Desert,Arid,2,5,No port,No,Oasis,No,OK,"Farm5, desert, arid, irrigation_oasis",,,,,,,
Sabbatha,Sabbatha,Arabia,Hadhramaut,Ssabwat,Ssabwat,Arabia,Arabia,20,,Plateau,Arid,2,4,No port,No,Aquifer,No,OK,"Farm4, plateau, arid, irrigation_aquifer",,,,,,,
Doumaitha,Doumaitha,Arabia,Inner Arabia,Rhaabenia-Masania,Rhaabenia,Arabia,Arabia,20,New Name Change,Desert,Arid,1,4,No port,No,Oasis,No,OK,"Farm4, desert, arid, irrigation_oasis",,,,,,,
Leuke Kome,Leuke Kome,Arabia,Sinai and Nabataea,Banizomeneia,Banizomeneia,Arabia,Arabia,20,,Steppe,Arid,0,3,Shipwright,No,No,Yes,OK,"Farm3, steppe, arid, base_port_level_2",,,,,,,
Moscha Limen,Moscha Limen,Arabia,Hadhramaut,Omana_Kolpos,Omana_Kolpos,Arabia,Arabia,20,,Steppe,Hot Semi-arid,0,6,Shipwright,No,Springs,No,OK,"Farm6, steppe, hot_semi_arid, base_port_level_2, irrigation_springs",,,,,,,
Sapphar,Sapphar,Arabia,Yemen,Homeritis,Homeritis,Arabia,Arabia,20,,Mountain Valley,Temperate,0,7,No port,No,No,No,OK,"Farm7, mountain_valley, temperate",,,,,,,
Makoraba,,,,Entos_Smyrnophoros,,Arabia,,20,Missing in Alt,Desert,Arid,-1,2,No port,No,Oasis,No,OK,"Farm2, desert, arid, irrigation_oasis",,,,,,,
Iathrippa,Iathrippa,Arabia,Hejaz,Yathrib,Yathrib,Arabia,Arabia,20,,Hills,Hot Semi-arid,-1,5,No port,No,Springs,No,OK,"Farm5, hills, hot_semi_arid, irrigation_springs",,,,,,,
Mesala,Mesala,Arabia,Yemen,Anatolike_Homeritis,Anatolike_Homeritis,Arabia,Arabia,20,,Hills,Arid,0,3,Trade Port,No,No,No,OK,"Farm3, hills, arid, base_port_level_1",,,,,,,
Negrana,Negrana,Arabia,Hejaz,Nagran,Nagran,Arabia,Arabia,20,,Mountain Valley,Cold Semi-arid,-1,5,No port,No,Aquifer,No,OK,"Farm5, mountain_valley, cold_semi_arid, irrigation_aquifer",,,,,,,
,Sanina,Arabia,Yemen,,Meta_ta_Stena,Arabia,Arabia,20,Not in Main Map,,,,,,,,,,#N/A,,,,,,,
Thoumata,Thoumata,Arabia,Inner Arabia,Boreia_Minaia,Boreia_Minaia,Arabia,Arabia,20,,Desert,Arid,1,4,No port,No,Oasis,No,OK,"Farm4, desert, arid, irrigation_oasis",,,,,,,
Geia,,,,Sarakenia,,Arabia,,20,Missing in Alt,Desert,Arid,0,1,No port,No,No,No,OK,"Farm1, desert, arid",,,,,,,
Maipha,Maipha,Arabia,Hadhramaut,Smyrnophoros,Smyrnophoros,Arabia,Arabia,20,,Plateau,Arid,0,2,No port,No,No,No,OK,"Farm2, plateau, arid",,,,,,,
Naskos,Naskos,Arabia,Yemen,Nashaq,Nashaq,Arabia,Arabia,20,,Plateau,Hot Semi-arid,0,5,No port,No,Springs,No,OK,"Farm5, plateau, hot_semi_arid, irrigation_springs",,,,,,,
Saue,Saue,Arabia,Yemen,Mapharitis,Mapharitis,Arabia,Arabia,20,,Mountains,Hot Semi-arid,2,5,No port,No,River,No,OK,"Farm5, mountains, hot_semi_arid, irrigation_river",,,,,,,
Baklanaza,Baklanaza,Arabia,Hejaz,Thamoudaia,Thamoudaia,Arabia,Arabia,20,,Hills,Arid,-2,3,Needs Harbour,No,Oasis,No,OK,"Farm3, hills, arid, base_port_level_0, irrigation_oasis",,,,,,,
Tedion,,,,Masania,,Arabia,,20,Last Cut,,,,,,,,,,#N/A,,,,,,,
Badeo,Badeo,Arabia,Hejaz,Kassanitis,Kassanitis,Arabia,Arabia,20,,Desert,Arid,1,2,Needs Harbour,No,No,No,OK,"Farm2, desert, arid, base_port_level_0",,,,,,,
Ebisma,Ebisma,Arabia,Yemen,Hesperos_Adramitia,Hesperos_Adramitia,Arabia,Arabia,20,Last Cut,,,,,,,,,,#N/A,,,,,,,
Kryptos Limen,Kryptos Limen,Arabia,Oman,Libanophoria,Libanophoria,Arabia,Arabia,20,,Mountain Valley,Arid,-1,3,Trade Port,No,Aquifer,No,OK,"Farm3, mountain_valley, arid, base_port_level_1, irrigation_aquifer",,,,,,,
Kathara,Kathara,Arabia,Gherran Coast,Katharrheia,Katharrheia,Arabia,Arabia,20,,Desert,Arid,0,1,Trade Port,No,No,No,OK,"Farm1, desert, arid, base_port_level_1",,,,,,,
Thaima,,,,Notia_Sarakenia,,Arabia,,20,Missing in Alt,Desert,Arid,1,4,No port,No,Oasis,No,OK,"Farm4, desert, arid, irrigation_oasis",,,,,,,
Nagara Metropolis,,,,Iobaritaia,,Arabia,,20,Missing in Alt,Desert,Arid,0,1,No port,No,No,No,OK,"Farm1, desert, arid",,,,,,,
Aramaua,Aramaua,Arabia,Sinai and Nabataea,Skenitaia,Skenitaia,Arabia,Arabia,20,,Plateau,Hot Semi-arid,-1,2,No port,No,No,Yes,OK,"Farm2, plateau, hot_semi_arid",,,,,,,
,Zabram,Arabia,Hejaz,,Kinaidokolpitia,Arabia,Arabia,20,Not in Main Map,,,,,,,,,,#N/A,,,,,,,
Ikaros,Ikaros,Arabia,Gherran Coast,Ikaros,Ikaros,Arabia,Arabia,20,,Desert,Arid,0,3,Shipwright,No,Springs,No,OK,"Farm3, desert, arid, base_port_level_2, irrigation_springs",,,,,,,
Ausara,Ausara,Arabia,Hejaz,Notia_Lechienia,Notia_Lechienia,Arabia,Arabia,20,,Hills,Arid,-1,4,Trade Port,No,Oasis,No,OK,"Farm4, hills, arid, base_port_level_1, irrigation_oasis",,,,,,,
Mouza,Mouza,Arabia,Yemen,Notia_Elisaria,Mese_Elisaria,Arabia,Arabia,20,Name Change,Steppe,Hot Semi-arid,1,5,Dockyard,No,Aquifer,Yes,OK,"Farm5, steppe, hot_semi_arid, base_port_level_3, irrigation_aquifer",,,,,,,
Dioskoridous Kome,Dioskoridous Kome,Arabia,Hadhramaut,Dioskoridou_Nesos,Dioskoridou_Nesos,Arabia,Arabia,20,,Karst Terrain,Dry Sub-tropical,0,3,Trade Port,No,No,No,OK,"Farm3, karst_terrain, dry_sub_tropical, base_port_level_1",,,,,,,
Sabai-Chattenia,,,,Hesperos_Chattenia,,Arabia,,20,Missing in Alt,Desert,Arid,0,1,No port,No,No,No,OK,"Farm1, desert, arid",,,,,,,
Mariama,Mariama,Arabia,Yemen,Marda,Marda,Arabia,Arabia,20,,Hills,Hot Semi-arid,0,6,No port,No,Lake,No,OK,"Farm6, hills, hot_semi_arid, irrigation_lake",nerf if smaller dams are added as farming building,,,,,,
Marasdou,Marasdou,Arabia,Yemen,Ssirwakh,Ssirwakh,Arabia,Arabia,20,,Hills,Hot Semi-arid,0,4,No port,No,No,No,OK,"Farm4, hills, hot_semi_arid",,,,,,,
Thabba,Thabba,Arabia,Hadhramaut,Raybun,Raybun,Arabia,Arabia,20,,Plateau,Arid,1,3,No port,No,Aquifer,No,OK,"Farm3, plateau, arid, irrigation_aquifer",,,,,,,
Sarapias,Sarapias,Arabia,Oman,Sarapias,Sarapias,Arabia,Arabia,20,Last Cut,,,,,,,,,,#N/A,,,,,,,
Batrasauaue,Batrasauaue,Arabia,Oman,Notia_Omanitis,Notia_Omanitis,Arabia,Arabia,20,,Mountain Valley,Arid,1,5,No port,No,Aquifer,No,OK,"Farm5, mountain_valley, arid, irrigation_aquifer",,,,,,,
Arabias Emporion,Arabias Emporion,Arabia,Yemen,Eudaimon_Arabia,Eudaimon_Arabia,Arabia,Arabia,20,,Desert,Arid,1,2,Dockyard,No,No,No,OK,"Farm2, desert, arid, base_port_level_3",,,,,,,
Kane,Kane,Arabia,Hadhramaut,Adramitia,Anatolike_Adramitia,Arabia,Arabia,20,New Name Change,Hills,Hot Semi-arid,-1,5,Dockyard,No,River,No,OK,"Farm5, hills, hot_semi_arid, base_port_level_3, irrigation_river",,,,,,,
,Ausara Polis,Arabia,Hadhramaut,,Hesperos_Omana_Kolpos,Arabia,Arabia,20,Not in Main Map,,,,,,,,,,#N/A,,,,,,,
,Okelis,Arabia,Yemen,,Notia_Elisaria,Arabia,Arabia,20,Not in Main Map,,,,,,,,,,#N/A,,,,,,,
Omanon Emporion,,,,Anatolike_Omanitis,,Arabia,,20,Missing in Alt,Desert,Arid,2,3,Trade Port,No,Aquifer,No,OK,"Farm3, desert, arid, base_port_level_1, irrigation_aquifer",,,,,,,
Labai,Labai,Arabia,Gherran Coast,Chattenia,Chattenia,Arabia,Arabia,20,,Desert,Arid,0,3,Trade Port,No,Oasis,No,OK,"Farm3, desert, arid, base_port_level_1, irrigation_oasis",,,,,,,
Athloula,Athloula,Arabia,Yemen,Yathil,Yathil,Arabia,Arabia,20,,Mountain Valley,Hot Semi-arid,0,5,No port,No,No,No,OK,"Farm5, mountain_valley, hot_semi_arid",,,,,,,
Sadasara,Sadasara,Arabia,Hadhramaut,Anatolike_Chatramonitaia,Anatolike_Chatramonitaia,Arabia,Arabia,20,,Desert,Arid,0,1,No port,No,No,No,OK,"Farm1, desert, arid",,,,,,,
Syagros,Syagros,Arabia,Hadhramaut,Sachalites_Kolpos,Sachalites_Kolpos,Arabia,Arabia,20,,Plateau,Hot Semi-arid,-1,2,Needs Harbour,No,No,No,OK,"Farm2, plateau, hot_semi_arid, base_port_level_0",,,,,,,
Karipeta,Karipeta,Arabia,Yemen,Haribut,Haribut,Arabia,Arabia,20,,Hills,Hot Semi-arid,-1,5,No port,No,River,No,OK,"Farm5, hills, hot_semi_arid, irrigation_river",,,,,,,
,Saraka,Arabia,Yemen,,Tarxat,Arabia,Arabia,20,Not in Main Map,,,,,,,,,,#N/A,,,,,,,
,Iotabe,Arabia,Sinai and Nabataea,,Phokai,Arabia,Arabia,20,Not in Main Map,,,,,,,,,,#N/A,,,,,,,
,Poseideion,Arabia,Sinai and Nabataea,,Arabios_Kolpos,Arabia,Arabia,20,Not in Main Map,,,,,,,,,,#N/A,,,,,,,
Nestos-Arabia,Nestos-Arabia,Arabia,Yemen,Nassan,Nassan,Arabia,Arabia,20,,Mountain Valley,Hot Semi-arid,-1,4,No port,No,No,No,OK,"Farm4, mountain_valley, hot_semi_arid",,,,,,,
Menambis,Menambis,Arabia,Yemen,Manahiytim,Manahiytim,Arabia,Arabia,20,,Mountains,Cold Semi-arid,0,4,No port,No,No,Yes,OK,"Farm4, mountains, cold_semi_arid",,,,,,,
,Miba,Arabia,Yemen,,Xamran,Arabia,Arabia,20,Not in Main Map,,,,,,,,,,#N/A,,,,,,,
,Poudnou,Arabia,Hejaz,,Boreia_Elisaria,Arabia,Arabia,20,Not in Main Map,,,,,,,,,,#N/A,,,,,,,
Sakatia,Sakatia,Arabia,Yemen,Elisaria,Elisaria,Arabia,Arabia,20,,Steppe,Hot Semi-arid,0,6,Shipwright,No,River,Yes,OK,"Farm6, steppe, hot_semi_arid, base_port_level_2, irrigation_river",,,,,,,
,Ambe,Arabia,Hejaz,,Notia_Kassanitis,Arabia,Arabia,20,Not in Main Map,,,,,,,,,,#N/A,,,,,,,
Are,Are,Arabia,Yemen,Rhathenaia,Rhathenaia,Arabia,Arabia,20,Last Cut,,,,,,,,,,#N/A,,,,,,,
Themne,,,,Martenia-Orchenia,,Arabia,,20,Missing in Alt,Desert,Arid,0,1,No port,No,No,No,OK,"Farm1, desert, arid",,,,,,,
Barathena,,,,Agraia-Agubenia,,Arabia,,20,Missing in Alt,Desert,Arid,0,1,No port,No,No,No,OK,"Farm1, desert, arid",,,,,,,
,Kanipsa,Arabia,Oman,,Nareitaia,Arabia,Arabia,20,Not in Main Map,,,,,,,,,,#N/A,,,,,,,
,Sarkoe,Arabia,Oman,,Attaia,Arabia,Arabia,20,Not in Main Map,,,,,,,,,,#N/A,,,,,,,
,Mallaba,Arabia,Gherran Coast,,Leanitaia,Arabia,Arabia,20,Not in Main Map,,,,,,,,,,#N/A,,,,,,,
Koromanis,Koromanis,Arabia,Gherran Coast,Aboukaia-Leanitaia,Aboukaia-Leanitaia,Arabia,Arabia,20,,Desert,Arid,0,1,Trade Port,No,No,No,OK,"Farm1, desert, arid, base_port_level_1",,,,,,,
,Hierakon,Arabia,Hejaz,,Hierakon_Nesos,Arabia,Arabia,20,Not in Main Map,,,,,,,,,,#N/A,,,,,,,
Idikara,,,,Orchenia,,Arabia,,20,Last Cut,,,,,,,,,,#N/A,,,,,,,
Obaira,,,,Agubenia,,Arabia,,20,Last Cut,,,,,,,,,,#N/A,,,,,,,
CAUCASUS,,,,,,,,,,,,,,,,,,,,,,,,,,
Sarapana,Sarapana,Caucasus,Armenia,Egritike,Egritike,Caucasus,Caucasus,21,,Plateau,Continental,1,5,No port,Yes,River,Yes,OK,"Farm5, plateau, continental, rivertrade, irrigation_river",,,,,,,
Harmozike-Seusamora,Harmozike-Seusamora,Caucasus,Armenia,Iberia,Iberia,Caucasus,Caucasus,21,,Mountain Valley,Temperate,0,7,No port,Yes,River,No,OK,"Farm7, mountain_valley, temperate, rivertrade, irrigation_river",,,,,,,
Chabala,Chabala,Caucasus,Armenia,Albania,Albania,Caucasus,Caucasus,21,,Mountain Valley,Continental,0,6,No port,No,River,Yes,OK,"Farm6, mountain_valley, continental, irrigation_river",,,,,,,
Armavir,Armavir,Caucasus,Armenia,Megale_Armenia,Megale_Armenia,Caucasus,Caucasus,21,,River Valley,Cold Semi-arid,0,10,No port,No,River,Yes,OK,"Farm10, river_valley, cold_semi_arid, irrigation_river",,,,,,,
Gazaka,Gazaka,Persia,West Persia,Pedias_Atropatene,Pedias_Atropatene,Caucasus,Persia,23,Wrong Area,Mountain Valley,Cold Semi-arid,0,7,No port,No,River,Yes,OK,"Farm7, mountain_valley, cold_semi_arid, irrigation_river",,,,,,,
Thospia,Thospia,Caucasus,Armenia,Basoropeda,Basoropeda,Caucasus,Caucasus,21,,Plateau,Continental,1,5,No port,No,River,Yes,OK,"Farm5, plateau, continental, irrigation_river",,,,,,,
Karkathiokerta,Karkathiokerta,Mesopotamia,Assyria,Sophene,Sophene,Caucasus,Mesopotamia,22,Wrong Area,Mountain Valley,Mediterranean,1,8,No port,No,River,Yes,OK,"Farm8, mountain_valley, mediterranean, irrigation_river",,,,,,,
Nymphaios,Nymphaios,Mesopotamia,Assyria,Kommagene,Kommagene,Caucasus,Mesopotamia,22,Wrong Area,Mountain Valley,Continental,0,6,No port,No,River,No,OK,"Farm6, mountain_valley, continental, irrigation_river",,,,,,,
Arsarata,Arsarata,Caucasus,Armenia,Kaspiane-Ouitia,Kaspiane,Caucasus,Caucasus,21,New Name Change,Floodplains/Delta,Cold Semi-arid,-2,10,Needs Harbour,Yes,River,No,OK,"Farm10, floodplains_delta, cold_semi_arid, base_port_level_0, rivertrade, irrigation_river",,,,,,,
Dioskourias,Dioskourias,Caucasus,Armenia,Koraxia,Koraxia,Caucasus,Caucasus,21,,Mountain Valley,Humid Sub-tropical,0,7,Dockyard,No,River,No,OK,"Farm7, mountain_valley, humid_sub_tropical, base_port_level_3, irrigation_river",,,,,,,
Doliche,Doliche,Levant,Syria,Dolicheia,Dolicheia,Caucasus,Levant,17,Wrong Area,Hills,Dry Sub-tropical,1,6,No port,No,No,No,OK,"Farm6, hills, dry_sub_tropical",,,,,,,
Sareisa-Satalka,Sareisa,Mesopotamia,Assyria,Gordyene,Gordyene,Caucasus,Mesopotamia,22,New Name Change,Mountains,Continental,0,4,No port,No,River,Yes,OK,"Farm4, mountains, continental, irrigation_river",,,,,,,
Gymnias,Gymnias,Caucasus,Armenia,Skythenia,Skythenia,Caucasus,Caucasus,21,,Plateau,Continental,0,4,No port,No,No,Yes,OK,"Farm4, plateau, continental",,,,,,,
Phasis,Phasis,Caucasus,Armenia,Phasis,Phasis,Caucasus,Caucasus,21,,Wetlands/Swamps/Marshes,Humid Sub-tropical,1,7,Shipwright,Yes,River,No,OK,"Farm7, wetlands, humid_sub_tropical, base_port_level_2, rivertrade, irrigation_river",,,,,,,
Gorniai,,,,Lychnitis,,Caucasus,,21,Missing in Alt,Hills,Continental,0,5,No port,No,River,Yes,OK,"Farm5, hills, continental, irrigation_river",,,,,,,
Ouera,Ouera,Persia,West Persia,Tracheia_Atropatene,Tracheia_Atropatene,Caucasus,Persia,23,Wrong Area,Plateau,Cold Semi-arid,0,5,No port,No,River,Yes,OK,"Farm5, plateau, cold_semi_arid, irrigation_river",,,,,,,
Legaiopolis,Legaiopolis,Steppes,Aorsi and North caucaus,Legaia-Gelaia,Legaia,Caucasus,Steppes,15,New Name Change,Mountain Valley,Cold Semi-arid,-1,6,Trade Port,No,Springs,Yes,OK,"Farm6, mountain_valley, cold_semi_arid, base_port_level_1, irrigation_springs",,,,,,,
Sanaron Kome,Sanaron Kome,Steppes,Aorsi and North caucaus,Sanaraia,Sanaraia,Caucasus,Steppes,15,Wrong Area,Steppe,Continental,1,6,Needs Harbour,No,River,Yes,OK,"Farm6, steppe, continental, base_port_level_0, irrigation_river",,,,,,,
Didouron Kome,,,,Didouria-Touskia,,Caucasus,,21,Missing in Alt,Mountain Valley,Cold Semi-arid,0,7,Needs Harbour,No,Springs,Yes,OK,"Farm7, mountain_valley, cold_semi_arid, base_port_level_0, irrigation_springs",,,,,,,
Olane,Olane,Caucasus,Armenia,Ano_Araxes,Ano_Araxes,Caucasus,Caucasus,21,,River Valley,Continental,-2,7,No port,No,River,Yes,OK,"Farm7, river_valley, continental, irrigation_river",,,,,,,
,Seusamora,Caucasus,Armenia,,Aragos,Caucasus,Caucasus,21,Not in Main Map,,,,,,,,,,#N/A,,,,,,,
Pityous,Pityous,Caucasus,Armenia,Megas_Pityous,Megas_Pityous,Caucasus,Caucasus,21,,Karst Terrain,Humid Sub-tropical,0,4,Shipwright,No,River,No,OK,"Farm4, karst_terrain, humid_sub_tropical, base_port_level_2, irrigation_river",,,,,,,
Sourion,Sourion,Caucasus,Armenia,Notia_Kolchis,Notia_Kolchis,Caucasus,Caucasus,21,,Mountain Valley,Humid Sub-tropical,0,7,Trade Port,Yes,River,No,OK,"Farm7, mountain_valley, humid_sub_tropical, base_port_level_1, rivertrade, irrigation_river",,,,,,,
Tomisa,,,,,Hesperos_Sophene,Caucasus,,21,Missing in Alt,Mountain Valley,Continental,0,6,No port,No,River,Yes,OK,"Farm6, mountain_valley, continental, irrigation_river",,,,,,,
Pinaka,,,,,Notia_Gordyene,Caucasus,,21,Missing in Alt,Mountains,Continental,2,6,No port,No,River,Yes,OK,"Farm6, mountains, continental, irrigation_river",,,,,,,
Baraza,Baraza,Caucasus,Armenia,Chorzene,Chorzene,Caucasus,Caucasus,21,,Mountains,Continental,0,4,No port,No,No,Yes,OK,"Farm4, mountains, continental",,,,,,,
Tagada,Tagada,Caucasus,Armenia,Gogarene,Gogarene,Caucasus,Caucasus,21,Last Cut,,,,,,,,,,#N/A,,,,,,,
Seltia,,,,,Taronitis,Caucasus,,21,Missing in Alt,Plateau,Continental,2,6,No port,No,River,Yes,OK,"Farm6, plateau, continental, irrigation_river",,,,,,,
Iberopolis,,,,,Hesperos_Iberia,Caucasus,,21,Missing in Alt,Mountain Valley,Continental,1,7,No port,Yes,River,Yes,OK,"Farm7, mountain_valley, continental, rivertrade, irrigation_river",,,,,,,
Ptoua,,,,,Boreia_Lychnitis,Caucasus,,21,Missing in Alt,Mountains,Continental,0,4,No port,No,Lake,Yes,OK,"Farm4, mountains, continental, irrigation_lake",,,,,,,
Sakasenopolis,Sakasenopolis,Caucasus,Armenia,Sakasene,Sakasene,Caucasus,Caucasus,21,,Steppe,Cold Semi-arid,0,6,No port,No,River,Yes,OK,"Farm6, steppe, cold_semi_arid, irrigation_river",,,,,,,
Bakchia,Bakchia,Caucasus,Armenia,Kambysene-Gogarene,Kambysene,Caucasus,Caucasus,21,New Name Change,Plateau,Cold Semi-arid,1,6,No port,No,River,Yes,OK,"Farm6, plateau, cold_semi_arid, irrigation_river",,,,,,,
Kolchopolis,Kolchopolis,Caucasus,Armenia,Lazia,Lazia,Caucasus,Caucasus,21,,Floodplains/Delta,Humid Sub-tropical,-1,11,Needs Harbour,Yes,River,No,OK,"Farm11, floodplains_delta, humid_sub_tropical, base_port_level_0, rivertrade, irrigation_river",,,,,,,
Kytaia,Kytaia,Caucasus,Armenia,Kolchis,Kolchis,Caucasus,Caucasus,21,,Mountain Valley,Continental,1,7,No port,Yes,River,Yes,OK,"Farm7, mountain_valley, continental, rivertrade, irrigation_river",,,,,,,
Chadacha,,,,,Anatolike_Albania,Caucasus,,21,Missing in Alt,Hills,Cold Semi-arid,-1,5,Trade Port,No,Springs,Yes,OK,"Farm5, hills, cold_semi_arid, base_port_level_1, irrigation_springs",,,,,,,
,Gyenos,Caucasus,Armenia,,Gyenia,Caucasus,Caucasus,21,Not in Main Map,,,,,,,,,,#N/A,,,,,,,
,Anzeta,Caucasus,Armenia,,Taronitis,Caucasus,Caucasus,21,Not in Main Map,,,,,,,,,,#N/A,,,,,,,
Zeugma-Kommagene,Zeugma-Kommagene,Mesopotamia,Assyria,Kato_Kommagene,Kato_Kommagene,Caucasus,Mesopotamia,22,Wrong Area,Mountain Valley,Dry Sub-tropical,1,8,No port,No,River,No,OK,"Farm8, mountain_valley, dry_sub_tropical, irrigation_river",,,,,,,
Artageira,,,,,Ano_Euphrates,Caucasus,,21,Missing in Alt,Karst Terrain,Continental,2,5,No port,No,River,Yes,OK,"Farm5, karst_terrain, continental, irrigation_river",,,,,,,
,Antiocheia-Tauros,Asia Minor,Cilicia,,Tauros,Caucasus,Asia Minor,16,Not in Main Map,,,,,,,,,,#N/A,,,,,,,
Achaia Kome,Achaia Kome,Steppes,Aorsi and North caucaus,Achaia-Kolchis,Achaia-Kolchis,Caucasus,Steppes,15,Last Cut,,,,,,,,,,#N/A,,,,,,,
Zygopolis,Zygopolis,Caucasus,Armenia,Zygia-Achaia,Zygia,Caucasus,Caucasus,21,New Name Change,Karst Terrain,Humid Sub-tropical,0,4,Trade Port,No,River,Yes,OK,"Farm4, karst_terrain, humid_sub_tropical, base_port_level_1, irrigation_river",,,,,,,
Heniochon Kome,Heniochon Kome,Caucasus,Armenia,Heniochia,Heniochia-Kerketaia,Caucasus,Caucasus,21,New Name Change,Mountains,Humid Sub-tropical,-1,4,Needs Harbour,No,No,Yes,OK,"Farm4, mountains, humid_sub_tropical, base_port_level_0",,,,,,,
Kerketon Kome,Kerketon Kome,Caucasus,Armenia,Kerketaia,Kerketaia,Caucasus,Caucasus,21,Last Cut,,,,,,,,,,#N/A,,,,,,,
Moschon Kome,Moschon Kome,Caucasus,Armenia,Moschia,Moschia,Caucasus,Caucasus,21,,Mountains,Alpine,1,3,No port,No,No,No,OK,"Farm3, mountains, alpine",,,,,,,
Naana,Naana,Caucasus,Armenia,Soanaia,Soanaia,Caucasus,Caucasus,21,,Mountains,Alpine,-1,1,No port,No,No,Yes,OK,"Farm1, mountains, alpine",,,,,,,
Makronopolis,Makronopolis,Asia Minor,Chaldea,Makronia,Makronia,Caucasus,Asia Minor,16,Wrong Area,Mountain Valley,Continental,-1,5,No port,No,River,Yes,OK,"Farm5, mountain_valley, continental, irrigation_river",,,,,,,
Drilaikon Phrourion,Drilaikon Phrourion,Asia Minor,Chaldea,Drilaia,Drilaia,Caucasus,Asia Minor,16,Wrong Area,Mountains,Continental,-1,3,No port,No,No,Yes,OK,"Farm3, mountains, continental",,,,,,,
Mossynoikon Metropolis,Mossynoikon Metropolis,Asia Minor,Chaldea,Mossynoikia,Mossynoikia,Caucasus,Asia Minor,16,Wrong Area,Mountains,Continental,0,4,No port,No,River,Yes,OK,"Farm4, mountains, continental, irrigation_river",,,,,,,
Tibarenikon Phrourion,Tibarenikon Phrourion,Asia Minor,Chaldea,Tibarenia,Tibarenia,Caucasus,Asia Minor,16,Wrong Area,Mountains,Continental,0,4,No port,No,No,Yes,OK,"Farm4, mountains, continental",,,,,,,
Taochikon Phrourion,Taochikon Phrourion,Caucasus,Armenia,Taochia,Taochia,Caucasus,Caucasus,21,,Plateau,Continental,0,4,No port,No,River,Yes,OK,"Farm4, plateau, continental, irrigation_river",,,,,,,
Chalybikon Phrourion,Chalybikon Phrourion,Caucasus,Armenia,Chalybia,Chalybia,Caucasus,Caucasus,21,,Mountains,Continental,-1,3,No port,No,No,Yes,OK,"Farm3, mountains, continental",,,,,,,
Chaldaikon Phrourion,Chaldaikon Phrourion,Asia Minor,Chaldea,Chaldaia-Pontos,Chaldaia-Pontos,Caucasus,Asia Minor,16,Wrong Area,Mountains,Continental,-1,3,No port,No,No,Yes,OK,"Farm3, mountains, continental",,,,,,,
,Amida,Mesopotamia,Assyria,,Notia_Sophene,Caucasus,Mesopotamia,22,Not in Main Map,,,,,,,,,,#N/A,,,,,,,
Gelon Kome,Gelon Kome,Caucasus,Armenia,Gelaia,Gelaia,Caucasus,Caucasus,21,Last Cut,,,,,,,,,,#N/A,,,,,,,
Ouiton Kome,Ouiton Kome,Caucasus,Armenia,Ouitia,Ouitia,Caucasus,Caucasus,21,Last Cut,,,,,,,,,,#N/A,,,,,,,
MESOPOTAMIA,,,,,,,,,,,,,,,,,,,,,,,,,,
Edessa,Edessa,Mesopotamia,Assyria,Osrhoene,Osrhoene,Mesopotamia,Mesopotamia,22,,Hills,Mediterranean,1,7,No port,No,River,No,OK,"Farm7, hills, mediterranean, irrigation_river",,,,,,,
Antiocheia-Mygdonia,Antiocheia-Mygdonia,Mesopotamia,Assyria,Mygdonia-Syria,Mygdonia-Syria,Mesopotamia,Mesopotamia,22,,Steppe,Dry Sub-tropical,0,6,No port,No,River,No,OK,"Farm6, steppe, dry_sub_tropical, irrigation_river",,,,,,,
Arbela,Arbela,Mesopotamia,Assyria,Arbelitis,Arbelitis,Mesopotamia,Mesopotamia,22,,Mountain Valley,Continental,1,7,No port,No,River,Yes,OK,"Farm7, mountain_valley, continental, irrigation_river",,,,,,,
Doura-Europos,Doura-Europos,Mesopotamia,Northern Babylonia,Tingene,Tingene,Mesopotamia,Mesopotamia,22,,River Valley,Hot Semi-arid,-2,8,No port,Yes,River,No,OK,"Farm8, river_valley, hot_semi_arid, rivertrade, irrigation_river",,,,,,,
Seleucia,Seleucia,Mesopotamia,Northern Babylonia,Mesopotamia,Mesopotamia,Mesopotamia,Mesopotamia,22,,Floodplains/Delta,Hot Semi-arid,1,13,No port,Yes,River,No,OK,"Farm13, floodplains_delta, hot_semi_arid, rivertrade, irrigation_river",,,,,,,
Uruk,Uruk,Mesopotamia,South Babylonia,Orchoe,Orchoe,Mesopotamia,Mesopotamia,22,,Floodplains/Delta,Hot Semi-arid,2,14,No port,Yes,River,No,OK,"Farm14, floodplains_delta, hot_semi_arid, rivertrade, irrigation_river",,,,,,,
Alexandreia-Charax,Alexandreia-Charax,Mesopotamia,South Babylonia,Charakene,Charakene,Mesopotamia,Mesopotamia,22,,Wetlands/Swamps/Marshes,Hot Semi-arid,2,6,Dockyard,Yes,River,No,OK,"Farm6, wetlands, hot_semi_arid, base_port_level_3, rivertrade, irrigation_river",,,,,,,
Susa,Susa,Persia,West Persia,Sousiane,Sousiane,Mesopotamia,Persia,23,Wrong Area,River Valley,Hot Semi-arid,1,11,No port,Yes,River,Yes,OK,"Farm11, river_valley, hot_semi_arid, rivertrade, irrigation_river",,,,,,,
Chala,Chala,Persia,West Persia,Kossaia,Kossaia,Mesopotamia,Persia,23,Wrong Area,Mountains,Temperate,0,5,No port,No,River,Yes,OK,"Farm5, mountains, temperate, irrigation_river",,,,,,,
Babylon,Babylon,Mesopotamia,South Babylonia,Babylonia,Babylonia,Mesopotamia,Mesopotamia,22,,Floodplains/Delta,Hot Semi-arid,2,14,No port,Yes,River,No,OK,"Farm14, floodplains_delta, hot_semi_arid, rivertrade, irrigation_river",,,,,,,
Nikephorion,Nikephorion,Levant,Syria,Nikephoreia,Nikephoreia,Mesopotamia,Levant,17,Wrong Area,River Valley,Hot Semi-arid,-1,9,No port,Yes,River,No,OK,"Farm9, river_valley, hot_semi_arid, rivertrade, irrigation_river",,,,,,,
Hierapolis,Hierapolis,Levant,Syria,Bambyke,Bambyke,Mesopotamia,Levant,17,Wrong Area,River Valley,Dry Sub-tropical,0,10,No port,No,River,No,OK,"Farm10, river_valley, dry_sub_tropical, irrigation_river",,,,,,,
Apameia-Sittakene,Apameia-Sittakene,Mesopotamia,South Babylonia,Sittakene,Sittakene,Mesopotamia,Mesopotamia,22,,Wetlands/Swamps/Marshes,Hot Semi-arid,2,6,No port,Yes,River,No,OK,"Farm6, wetlands, hot_semi_arid, rivertrade, irrigation_river",,,,,,,
Artemita,Artemita,Mesopotamia,Northern Babylonia,Apolloniatis-Mesopotamia,Apolloniatis-Mesopotamia,Mesopotamia,Mesopotamia,22,,River Valley,Hot Semi-arid,1,11,No port,Yes,River,No,OK,"Farm11, river_valley, hot_semi_arid, rivertrade, irrigation_river",,,,,,,
Apameia-Zeugma,Apameia-Zeugma,Levant,Syria,Zeugma-Euphrates,Zeugma-Euphrates,Mesopotamia,Levant,17,Wrong Area,Hills,Mediterranean,0,6,No port,No,River,No,OK,"Farm6, hills, mediterranean, irrigation_river",,,,,,,
Arrhapa,,,,Arrhapachitis,,Mesopotamia,,23,Missing in Alt,Steppe,Dry Sub-tropical,0,6,No port,No,Springs,No,OK,"Farm6, steppe, dry_sub_tropical, irrigation_springs",,,,,,,
Seleukeia-Soloke,Seleukeia-Soloke,Persia,Central Persia,Elymais,Elymais,Mesopotamia,Persia,23,Wrong Area,Steppe,Hot Semi-arid,2,6,Trade Port,Yes,Aquifer,Yes,OK,"Farm6, steppe, hot_semi_arid, base_port_level_1, rivertrade, irrigation_aquifer",,,,,,,
Assur,Assur,Mesopotamia,Assyria,Assyria,Assyria,Mesopotamia,Mesopotamia,22,,Floodplains/Delta,Hot Semi-arid,-1,11,No port,Yes,River,No,OK,"Farm11, floodplains_delta, hot_semi_arid, rivertrade, irrigation_river",,,,,,,
Nippur,Nippur,Mesopotamia,South Babylonia,Nippour,Nippour,Mesopotamia,Mesopotamia,22,,Floodplains/Delta,Hot Semi-arid,1,13,No port,Yes,River,No,OK,"Farm13, floodplains_delta, hot_semi_arid, rivertrade, irrigation_river",,,,,,,
Is,,,,Ankobaritis,,Mesopotamia,,23,Missing in Alt,Steppe,Hot Semi-arid,1,7,No port,Yes,River,No,OK,"Farm7, steppe, hot_semi_arid, rivertrade, irrigation_river",,,,,,,
Birtha,,,,Mesene,,Mesopotamia,,23,Last Cut,,,,,,,,,,#N/A,,,,,,,
Gizama,,,,Gauzanitis,,Mesopotamia,,23,Last Cut,,,,,,,,,,#N/A,,,,,,,
Ninos,Ninos,Mesopotamia,Assyria,Ninawa,Ninawa,Mesopotamia,Mesopotamia,22,,River Valley,Mediterranean,-1,9,No port,Yes,River,No,OK,"Farm9, river_valley, mediterranean, rivertrade, irrigation_river",,,,,,,
Karrhai,Karrhai,Mesopotamia,Assyria,Kharranu,Kharranu,Mesopotamia,Mesopotamia,22,,Steppe,Mediterranean,1,7,No port,No,Oasis,No,OK,"Farm7, steppe, mediterranean, irrigation_oasis",,,,,,,
Europos,,,,Euphratike_Kyrrhestike,,Mesopotamia,,22,Last Cut,,,,,,,,,,#N/A,,,,,,,
Barsita,Barsita,Mesopotamia,South Babylonia,Barsip,Barsip,Mesopotamia,Mesopotamia,22,Last Cut,,,,,,,,,,#N/A,,,,,,,
Opis,Opis,Mesopotamia,Northern Babylonia,Upija,Upija,Mesopotamia,Mesopotamia,22,Last Cut,,,,,,,,,,#N/A,,,,,,,
,Choutha,Mesopotamia,South Babylonia,,Mese_Mesopotamia,Mesopotamia,Mesopotamia,22,Not in Main Map,,,,,,,,,,#N/A,,,,,,,
Arimara,Arimara,Levant,Syria,Anatolike_Chalybonitis,Anatolike_Chalybonitis,Mesopotamia,Levant,17,Wrong Area,Steppe,Hot Semi-arid,1,7,No port,No,River,No,OK,"Farm7, steppe, hot_semi_arid, irrigation_river",,,,,,,
Anthemousias,Anthemousias,Mesopotamia,Assyria,Anthemousia,Anthemousia,Mesopotamia,Mesopotamia,22,,Steppe,Mediterranean,0,6,No port,No,River,No,OK,"Farm6, steppe, mediterranean, irrigation_river",,,,,,,
,Kaphrena,Levant,Syria,,Hesperos_Osrhoene,Mesopotamia,Levant,17,Not in Main Map,,,,,,,,,,#N/A,,,,,,,
Anatho,,,,Hesperos_Ankobaritis,,Mesopotamia,,22,Last Cut,,,,,,,,,,#N/A,,,,,,,
Aphadana,,,,Kato_Chaboras,,Mesopotamia,,22,Last Cut,,,,,,,,,,#N/A,,,,,,,
,Saura,Persia,Central Persia,,Boreia_Elymais,Mesopotamia,Persia,23,Not in Main Map,,,,,,,,,,#N/A,,,,,,,
Thelme,,,,Dytike_Apolloniatis,,Mesopotamia,,22,Missing in Alt,Floodplains/Delta,Hot Semi-arid,-1,11,No port,Yes,River,No,OK,"Farm11, floodplains_delta, hot_semi_arid, rivertrade, irrigation_river",,,,,,,
Sittake,Sittake,Mesopotamia,South Babylonia,Boreia_Sittakene,Boreia_Sittakene,Mesopotamia,Mesopotamia,22,,Wetlands/Swamps/Marshes,Hot Semi-arid,2,6,No port,No,River,No,OK,"Farm6, wetlands, hot_semi_arid, irrigation_river",,,,,,,
Antiocheia-Sittakene,Antiocheia-Sittakene,Mesopotamia,South Babylonia,Hesperos_Sittakene,Hesperos_Sittakene,Mesopotamia,Mesopotamia,22,Last Cut,,,,,,,,,,#N/A,,,,,,,
Balagala,,,,Kauchabenia,,Mesopotamia,,22,Missing in Alt,Desert,Arid,1,4,No port,Yes,River,No,OK,"Farm4, desert, arid, rivertrade, irrigation_river",,,,,,,
Reganna,,,,Aisitaia,,Mesopotamia,,22,Missing in Alt,Desert,Arid,0,1,No port,No,No,No,OK,"Farm1, desert, arid",,,,,,,
Rhambaion Kome,Rhambaion Kome,Levant,Syria,Rhambaia,Rhambaia,Mesopotamia,Levant,17,Wrong Area,Desert,Arid,0,1,No port,No,Aquifer,No,OK,"Farm1, desert, arid, irrigation_aquifer",,,,,,,
Korsote,Korsote,Mesopotamia,Northern Babylonia,Maskas,Maskas,Mesopotamia,Mesopotamia,22,Last Cut,,,,,,,,,,#N/A,,,,,,,
Zeugma-Tigris,Zeugma-Tigris,Mesopotamia,Assyria,Mesos_Tigris,Mesos_Tigris,Mesopotamia,Mesopotamia,22,Last Cut,,,,,,,,,,#N/A,,,,,,,
Seleukeia-Erythtreia,Seleukeia-Erythtreia,Arabia,Gherran Coast,Paralia_Chaldaia,Paralia_Chaldaia,Mesopotamia,Arabia,20,Wrong Area,Desert,Arid,1,4,Shipwright,Yes,River,No,OK,"Farm4, desert, arid, base_port_level_2, rivertrade, irrigation_river",,,,,,,
Charmande,Charmande,Mesopotamia,Northern Babylonia,Eremikos_Euphrates,Eremikos_Euphrates,Mesopotamia,Mesopotamia,22,,Desert,Arid,2,5,No port,Yes,River,No,OK,"Farm5, desert, arid, rivertrade, irrigation_river",,,,,,,
Ichnai,Ichnai,Mesopotamia,Assyria,Anatolike_Osrhoene,Anatolike_Osrhoene,Mesopotamia,Mesopotamia,22,,Steppe,Dry Sub-tropical,0,6,No port,No,River,No,OK,"Farm6, steppe, dry_sub_tropical, irrigation_river",,,,,,,
Sandrakai,Sandrakai,Mesopotamia,Northern Babylonia,Artakene,Artakene,Mesopotamia,Mesopotamia,22,,Steppe,Hot Semi-arid,0,6,No port,Yes,River,Yes,OK,"Farm6, steppe, hot_semi_arid, rivertrade, irrigation_river",,,,,,,
Birande,Birande,Mesopotamia,Northern Babylonia,Chaldaia,Chaldaia,Mesopotamia,Mesopotamia,22,,Desert,Arid,0,3,No port,No,Oasis,No,OK,"Farm3, desert, arid, irrigation_oasis",,,,,,,
Teredon,Teredon,Arabia,Gherran Coast,Notia_Charakene,Strophades,Mesopotamia,Arabia,20,New Name Change,Wetlands/Swamps/Marshes,Arid,1,4,Shipwright,Yes,River,No,OK,"Farm4, wetlands, arid, base_port_level_2, rivertrade, irrigation_river",,,,,,,
Thapsakos,Thapsakos,Levant,Syria,Palaia_Zeugma,Palaia_Zeugma,Mesopotamia,Levant,17,Wrong Area,River Valley,Hot Semi-arid,-2,8,No port,Yes,River,No,OK,"Farm8, river_valley, hot_semi_arid, rivertrade, irrigation_river",,,,,,,
PERSIA,,,,,,,,,,,,,,,,,,,,,,,,,,
Ekbatana,Ekbatana,Persia,Central Persia,Media,Media,Persia,Persia,23,,Plateau,Dry Sub-tropical,1,6,No port,No,River,Yes,OK,"Farm6, plateau, dry_sub_tropical, irrigation_river",,,,,,,
Europos-Rhagai,Europos-Rhagai,Persia,Central Persia,Rhagiane,Rhagiane,Persia,Persia,23,,Mountain Valley,Cold Semi-arid,1,8,No port,No,River,Yes,OK,"Farm8, mountain_valley, cold_semi_arid, irrigation_river",,,,,,,
Zadrakarta,Zadrakarta,Persia,East Persia,Boreia_Hyrkania,Boreia_Hyrkania,Persia,Persia,23,,River Valley,Dry Sub-tropical,-1,9,Shipwright,No,River,Yes,OK,"Farm9, river_valley, dry_sub_tropical, base_port_level_2, irrigation_river",,,,,,,
Hekatompylos,Hekatompylos,Persia,East Persia,Parthia,Parthia,Persia,Persia,23,,Desert,Hot Semi-arid,2,4,No port,No,Aquifer,Yes,OK,"Farm4, desert, hot_semi_arid, irrigation_aquifer",,,,,,,
Persepolis,Persepolis,Persia,Central Persia,Persia,Persia,Persia,Persia,23,,Plateau,Cold Semi-arid,1,6,Trade Port,No,River,Yes,OK,"Farm6, plateau, cold_semi_arid, base_port_level_1, irrigation_river",,,,,,,
Alexandreia-Karmania,Alexandreia-Karmania,Persia,East Persia,Karmania,Karmania,Persia,Persia,23,,Plateau,Hot Semi-arid,2,5,No port,No,Aquifer,No,OK,"Farm5, plateau, hot_semi_arid, irrigation_aquifer",,,,,,,
Antiocheia-Margiane,Antiocheia-Margiane,Persia,East Persia,Margiane,Margiane,Persia,Persia,23,,River Valley,Cold Semi-arid,0,10,No port,No,River,Yes,OK,"Farm10, river_valley, cold_semi_arid, irrigation_river",,,,,,,
Alexandreia-Ariane,Alexandreia-Ariane,Persia,East Persia,Ariane,Ariane,Persia,Persia,23,,Mountains,Dry Sub-tropical,2,6,No port,No,River,Yes,OK,"Farm6, mountains, dry_sub_tropical, irrigation_river",,,,,,,
Prophthasia,Prophthasia,Persia,East Persia,Anaouon,Anaouon,Persia,Persia,23,,Desert,Arid,1,4,No port,No,River,No,OK,"Farm4, desert, arid, irrigation_river",,,,,,,
Poura,Poura,India,South India,Gedrosia,Gedrosia,Persia,India,25,Wrong Area,Desert,Arid,1,2,Trade Port,No,Aquifer,Yes,OK,"Farm2, desert, arid, base_port_level_1, irrigation_aquifer",,,,,,,
Alexandreia-Arachosia,Alexandreia-Arachosia,India,South India,Arachosia,Arachosia,Persia,India,25,Wrong Area,Mountain Valley,Arid,-2,4,No port,No,River,Yes,OK,"Farm4, mountain_valley, arid, irrigation_river",,,,,,,
Gabai,Gabai,Persia,Central Persia,Paraitakene,Paraitakene,Persia,Persia,23,,Plateau,Hot Semi-arid,0,5,No port,No,River,No,OK,"Farm5, plateau, hot_semi_arid, irrigation_river",,,,,,,
,Artakana,Persia,East Persia,,Tabikene,Persia,Persia,23,Not in Main Map,,,,,,,,,,#N/A,,,,,,,
Sousia,Sousia,Persia,East Persia,Hesperos_Ariane,Hesperos_Ariane,Persia,Persia,23,,Mountain Valley,Cold Semi-arid,-1,6,No port,No,River,Yes,OK,"Farm6, mountain_valley, cold_semi_arid, irrigation_river",,,,,,,
,Antiocheia-Persis,Persia,Central Persia,Taokene,Maitoria,Persia,Persia,23,Name Change,Desert,Arid,0,3,Shipwright,No,Oasis,Yes,OK,"Farm3, desert, arid, base_port_level_2, irrigation_oasis",,,,,,,
,Harmozia,Persia,East Persia,,Karmanon_Akroterion,Persia,Persia,23,Not in Main Map,,,,,,,,,,#N/A,,,,,,,
Kyropolis-Kadousia,,,,Kadousia,,Persia,,23,Missing in Alt,Mountain Valley,Mediterranean,0,7,Trade Port,No,River,Yes,OK,"Farm7, mountain_valley, mediterranean, base_port_level_1, irrigation_river",,,,,,,
,Arachotos,India,Central India,Eoritia,Eoritia,Persia,India,25,Wrong Area,Mountains,Cold Semi-arid,0,4,No port,No,Aquifer,Yes,OK,"Farm4, mountains, cold_semi_arid, irrigation_aquifer",,,,,,,
Apameia-Rhagiane,Apameia-Rhagiane,Persia,Central Persia,Choarene,Choarene,Persia,Persia,23,,Mountain Valley,Hot Semi-arid,0,7,No port,No,River,Yes,OK,"Farm7, mountain_valley, hot_semi_arid, irrigation_river",,,,,,,
,Zranka,Persia,East Persia,,Tatakene,Persia,Persia,23,Not in Main Map,,,,,,,,,,#N/A,,,,,,,
Pasargadai,Pasargadai,Persia,Central Persia,Pasargadaia,Pasargadaia,Persia,Persia,23,,Mountain Valley,Cold Semi-arid,0,7,No port,No,River,No,OK,"Farm7, mountain_valley, cold_semi_arid, irrigation_river",,,,,,,
Antiocheia-Media,,,,Syromedia,,Persia,,23,Missing in Alt,Mountains,Continental,1,5,No port,No,River,Yes,OK,"Farm5, mountains, continental, irrigation_river",,,,,,,
Choana,Choana,Persia,Central Persia,Sigrianike,Sigrianike,Persia,Persia,23,,Desert,Arid,1,2,No port,No,Aquifer,Yes,OK,"Farm2, desert, arid, irrigation_aquifer",,,,,,,
Tagai,Tagai,Persia,East Persia,Komisene,Komisene,Persia,Persia,23,,Hills,Hot Semi-arid,0,4,No port,No,Aquifer,Yes,OK,"Farm4, hills, hot_semi_arid, irrigation_aquifer",,,,,,,
Amardion Kome,,,,Amardokaia-Anariakaia,,Persia,,23,Missing in Alt,Forest,Mediterranean,1,7,Needs Harbour,No,River,Yes,OK,"Farm7, forest, mediterranean, base_port_level_0, irrigation_river",,,,,,,
Sirynx-Tambrax,Sirynx-Tambrax,Persia,Central Persia,Hyrkania,Hyrkania,Persia,Persia,23,,Mountain Valley,Dry Sub-tropical,1,8,Trade Port,No,River,Yes,OK,"Farm8, mountain_valley, dry_sub_tropical, base_port_level_1, irrigation_river",,,,,,,
Apauarktike,Apauarktike,Persia,East Persia,Apauarktikene,Apauarktikene,Persia,Persia,23,,Steppe,Hot Semi-arid,2,6,No port,No,Aquifer,Yes,OK,"Farm6, steppe, hot_semi_arid, irrigation_aquifer",,,,,,,
,Bagistana,Persia,West Persia,,Kambadene,Persia,Persia,23,Not in Main Map,,,,,,,,,,#N/A,,,,,,,
,Konkobar,Persia,Central Persia,,Ano_Media,Persia,Persia,23,Not in Main Map,,,,,,,,,,#N/A,,,,,,,
Kapouta,,,,Matiane,,Persia,,23,Missing in Alt,Mountains,Continental,1,5,No port,No,River,Yes,OK,"Farm5, mountains, continental, irrigation_river",,,,,,,
Alexandria-Drangiane,,,,Drangiane,,Persia,,23,Missing in Alt,Desert,Arid,1,4,No port,No,River,No,OK,"Farm4, desert, arid, irrigation_river",,,,,,,
Rhagaia,,,,Sobidaia,,Persia,,23,Last Cut,,,,,,,,,,#N/A,,,,,,,
,Sinike,Persia,East Persia,,Anatolike_Hyrkania,Persia,Persia,23,Not in Main Map,,,,,,,,,,#N/A,,,,,,,
Adrapana,Adrapana,Persia,West Persia,Sagartia,Sagartia,Persia,Persia,23,,Mountains,Continental,0,4,No port,No,No,Yes,OK,"Farm4, mountains, continental",,,,,,,
Derbikon Taphai,,,,Derbikia,,Persia,,23,Missing in Alt,Steppe,Arid,0,3,Needs Harbour,No,Aquifer,Yes,OK,"Farm3, steppe, arid, base_port_level_0, irrigation_aquifer",,,,,,,
Zetis,,,,Notia_Karmania,,Persia,,23,Missing in Alt,Hills,Arid,1,4,Shipwright,No,No,Yes,OK,"Farm4, hills, arid, base_port_level_2",,,,,,,
Achaia Polis,,,,Mese_Ariane,,Persia,,23,Missing in Alt,Hills,Cold Semi-arid,0,6,No port,No,River,Yes,OK,"Farm6, hills, cold_semi_arid, irrigation_river",,,,,,,
Tapyron Kome,,,,Tapyria,,Persia,,23,Missing in Alt,Mountains,Cold Semi-arid,0,4,No port,No,River,Yes,OK,"Farm4, mountains, cold_semi_arid, irrigation_river",,,,,,,
Anariake,Anariake,Persia,West Persia,Anariakaia,Anariakaia,Persia,Persia,23,Last Cut,,,,,,,,,,#N/A,,,,,,,
Ouxion Kome,Ouxion Kome,Persia,West Persia,Ouxiana,Ouxiana,Persia,Persia,23,,Mountains,Temperate,0,5,No port,No,River,Yes,OK,"Farm5, mountains, temperate, irrigation_river",,,,,,,
Kyrtion Kome,Kyrtion Kome,Persia,West Persia,Kyrtia,Kyrtia,Persia,Persia,23,,Mountains,Cold Semi-arid,0,4,No port,No,Aquifer,Yes,OK,"Farm4, mountains, cold_semi_arid, irrigation_aquifer",,,,,,,
BACTRIA,,,,,,,,,,,,,,,,,,,,,,,,,,
Ortospana,Ortospana,India,North India,Paropamisadai,Paropamisadai,Bactria,India,25,Wrong Area,Mountains,Cold Semi-arid,1,5,No port,No,Springs,Yes,OK,"Farm5, mountains, cold_semi_arid, irrigation_springs",,,,,,,
Baktra-Zariaspa,Baktra-Zariaspa,Steppes,Bactria,Baktriane,Baktriane,Bactria,Bactria,24,,Floodplains/Delta,Cold Semi-arid,-1,11,No port,No,River,Yes,OK,"Farm11, floodplains_delta, cold_semi_arid, irrigation_river",,,,,,,
Baktra Basileion,Baktra Basileion,Steppes,Bactria,Anatolike_Baktriane,Anatolike_Baktriane,Bactria,Bactria,24,,Mountains,Continental,1,5,No port,No,River,Yes,OK,"Farm5, mountains, continental, irrigation_river",,,,,,,
Marakanda,Marakanda,Steppes,Bactria,Sogdiane,Sogdiane,Bactria,Bactria,24,,River Valley,Dry Sub-tropical,1,11,No port,No,River,Yes,OK,"Farm11, river_valley, dry_sub_tropical, irrigation_river",,,,,,,
Antiocheia-Skythia,Antiocheia-Skythia,Steppes,Bactria,Iaxartes,Iaxartes,Bactria,Bactria,24,,Mountain Valley,Dry Sub-tropical,1,8,No port,Yes,River,Yes,OK,"Farm8, mountain_valley, dry_sub_tropical, rivertrade, irrigation_river",,,,,,,
Peukelaotis,Peukelaotis,India,North India,Gandaritis,Gandaritis,Bactria,India,25,Wrong Area,Mountain Valley,Dry Sub-tropical,2,9,No port,No,River,No,OK,"Farm9, mountain_valley, dry_sub_tropical, irrigation_river",,,,,,,
Massaga,Massaga,India,North India,Hesperos_Assakenia,Hesperos_Assakenia,Bactria,India,25,Wrong Area,Mountains,Mediterranean,-1,4,No port,No,No,Yes,OK,"Farm4, mountains, mediterranean",,,,,,,
Nagara-Nysa,Nagara-Nysa,India,North India,Gouraia,Gouraia,Bactria,India,25,Wrong Area,Mountain Valley,Hot Semi-arid,-1,6,No port,No,River,Yes,OK,"Farm6, mountain_valley, hot_semi_arid, irrigation_river",,,,,,,
Alexandreia-Kaukasia,Alexandreia-Kaukasia,India,North India,Kapisene,Kapisene,Bactria,India,25,Wrong Area,Mountains,Cold Semi-arid,2,6,No port,No,River,Yes,OK,"Farm6, mountains, cold_semi_arid, irrigation_river",,,,,,,
Trybaktra,Trybaktra,Steppes,eastern steppes,Anatolike_Chorasmene,Anatolike_Chorasmene,Bactria,East steppes,26,Wrong Area,Floodplains/Delta,Cold Semi-arid,-2,10,No port,No,River,Yes,OK,"Farm10, floodplains_delta, cold_semi_arid, irrigation_river",,,,,,,
Darapsa,Darapsa,Steppes,Bactria,Darapsia,Darapsia,Bactria,Bactria,24,,Mountain Valley,Continental,0,6,No port,No,River,Yes,OK,"Farm6, mountain_valley, continental, irrigation_river",,,,,,,
Oxeiana,Oxeiana,Steppes,Bactria,Mardyenia,Mardyenia,Bactria,Bactria,24,,Floodplains/Delta,Cold Semi-arid,0,12,No port,Yes,River,Yes,OK,"Farm12, floodplains_delta, cold_semi_arid, rivertrade, irrigation_river",,,,,,,
Kyropolis,Kyropolis,Steppes,Bactria,Kyreschata,Kyreschata,Bactria,Bactria,24,,Mountains,Cold Semi-arid,0,4,No port,No,No,Yes,OK,"Farm4, mountains, cold_semi_arid",,,,,,,
Nautaka,Nautaka,Steppes,Bactria,Anatolike_Sogdiane,Anatolike_Sogdiane,Bactria,Bactria,24,,Mountain Valley,Mediterranean,0,7,No port,No,River,Yes,OK,"Farm7, mountain_valley, mediterranean, irrigation_river",,,,,,,
Aornos-Embolima,Aornos-Embolima,India,North India,Anatolike_Assakenia,Anatolike_Assakenia,Bactria,India,25,Wrong Area,Mountains,Mediterranean,-1,4,No port,No,No,Yes,OK,"Farm4, mountains, mediterranean",,,,,,,
Bazira-Ora,Bazira-Ora,India,North India,Assakenia,Assakenia,Bactria,India,25,Wrong Area,Mountain Valley,Humid Sub-tropical,0,7,No port,No,River,Yes,OK,"Farm7, mountain_valley, humid_sub_tropical, irrigation_river",,,,,,,
Marouka,Marouka,Steppes,Bactria,Oxos,Oxos,Bactria,Bactria,24,,Mountain Valley,Cold Semi-arid,1,8,No port,Yes,River,Yes,OK,"Farm8, mountain_valley, cold_semi_arid, rivertrade, irrigation_river",,,,,,,
Arigaion,Arigaion,India,North India,Aspasia,Aspasia,Bactria,India,25,Wrong Area,Mountain Valley,Hot Semi-arid,0,7,No port,Yes,River,Yes,OK,"Farm7, mountain_valley, hot_semi_arid, rivertrade, irrigation_river",,,,,,,
Indikomordana,Indikomordana,Steppes,Bactria,Boreia_Baktriane,Boreia_Baktriane,Bactria,Bactria,24,,Mountain Valley,Dry Sub-tropical,1,8,No port,No,River,Yes,OK,"Farm8, mountain_valley, dry_sub_tropical, irrigation_river",,,,,,,
Alexandreia-Oxeiane,Alexandreia-Oxeiane,Steppes,Bactria,Oxeiane,Oxeiane,Bactria,Bactria,24,,Hills,Continental,1,6,No port,No,Aquifer,Yes,OK,"Farm6, hills, continental, irrigation_aquifer",,,,,,,
Aornos-Baktria,Aornos-Baktria,Steppes,Bactria,Ano_Baktriane,Ano_Baktriane,Bactria,Bactria,24,,Mountains,Continental,0,4,No port,No,Aquifer,Yes,OK,"Farm4, mountains, continental, irrigation_aquifer",,,,,,,
INDIA,,,,,,,,,,,,,,,,,,,,,,,,,,
Taxila,Taxila,India,North India,Arsa,Arsa,India,India,25,,Plateau,Dry Sub-tropical,2,7,No port,Yes,River,Yes,OK,"Farm7, plateau, dry_sub_tropical, rivertrade, irrigation_river",,,,,,,
Alexandreia-Indos,Alexandreia-Indos,India,Central India,Indos,Indos,India,India,25,,Floodplains/Delta,Arid,0,11,No port,Yes,River,No,OK,"Farm11, floodplains_delta, arid, rivertrade, irrigation_river",,,,,,,
Patala,Patala,India,South India,Patalene,Patalene,India,India,25,,Wetlands/Swamps/Marshes,Hot Semi-arid,2,6,Dockyard,Yes,River,Yes,OK,"Farm6, wetlands, hot_semi_arid, base_port_level_3, rivertrade, irrigation_river",,,,,,,
Sibopolis,Sibopolis,India,North India,Sibia,Sibia,India,India,25,,Floodplains/Delta,Hot Semi-arid,-1,11,No port,Yes,River,No,OK,"Farm11, floodplains_delta, hot_semi_arid, rivertrade, irrigation_river",,,,,,,
Alexandreia-Boukephala,Alexandreia-Boukephala,India,North India,Pandoouia,Pandoouia,India,India,25,,River Valley,Dry Sub-tropical,0,10,No port,Yes,River,Yes,OK,"Farm10, river_valley, dry_sub_tropical, rivertrade, irrigation_river",,,,,,,
Alexandreia-Oreitaia,Alexandreia-Oreitaia,India,South India,Oreitaia,Oreitaia,India,India,25,,Mountain Valley,Arid,0,4,Trade Port,No,Aquifer,No,OK,"Farm4, mountain_valley, arid, base_port_level_1, irrigation_aquifer",,,,,,,
Sindomana,Sindomana,India,South India,Samboia,Samboia,India,India,25,,River Valley,Arid,-1,8,No port,Yes,River,No,OK,"Farm8, river_valley, arid, rivertrade, irrigation_river",,,,,,,
Kaspeira,Kaspeira,India,Central India,Kaspeiraia,Kaspeiraia,India,India,25,,Grassland,Hot Semi-arid,0,9,No port,Yes,River,No,OK,"Farm9, grassland, hot_semi_arid, rivertrade, irrigation_river",,,,,,,
Nikaia-Hydaspes,Nikaia-Hydaspes,India,North India,Hydaspes,Hydaspes,India,India,25,,Grassland,Monsoon,0,9,No port,Yes,River,No,OK,"Farm9, grassland, monsoon, rivertrade, irrigation_river",,,,,,,
Sopeithopolis,Sopeithopolis,India,North India,Sopeitheia,Sopeitheia,India,India,25,,Floodplains/Delta,Dry Sub-tropical,-2,10,No port,No,River,No,OK,"Farm10, floodplains_delta, dry_sub_tropical, irrigation_river",,,,,,,
Glausaiopolis,Glausaiopolis,India,North India,Glausaia,Glausaia,India,India,25,,River Valley,Monsoon,-1,9,No port,No,River,Yes,OK,"Farm9, river_valley, monsoon, irrigation_river",,,,,,,
Audoumbara,Audoumbara,India,North India,Audoumbaria,Audoumbaria,India,India,25,,Forest,Monsoon,0,6,No port,No,River,Yes,OK,"Farm6, forest, monsoon, irrigation_river",,,,,,,
Pimprama,Pimprama,India,North India,Adraistaia,Adraistaia,India,India,25,,Forest,Monsoon,1,7,No port,No,River,No,OK,"Farm7, forest, monsoon, irrigation_river",,,,,,,
Sangala,Sangala,India,North India,Kathaia,Kathaia,India,India,25,,Floodplains/Delta,Monsoon,-2,10,No port,Yes,River,No,OK,"Farm10, floodplains_delta, monsoon, rivertrade, irrigation_river",,,,,,,
Agalassopolis,Agalassopolis,India,Central India,Agalassia,Agalassia,India,India,25,,Floodplains/Delta,Dry Sub-tropical,0,12,No port,No,River,No,OK,"Farm12, floodplains_delta, dry_sub_tropical, irrigation_river",,,,,,,
Amakatis,Amakatis,India,North India,Sydrakaia,Sydrakaia,India,India,25,,Floodplains/Delta,Dry Sub-tropical,-1,11,No port,Yes,River,No,OK,"Farm11, floodplains_delta, dry_sub_tropical, rivertrade, irrigation_river",,,,,,,
Malliopolis,Malliopolis,India,Central India,Mallia,Mallia,India,India,25,,Floodplains/Delta,Hot Semi-arid,1,13,No port,Yes,River,No,OK,"Farm13, floodplains_delta, hot_semi_arid, rivertrade, irrigation_river",,,,,,,
Abastaniopolis,Abastaniopolis,India,Central India,Abastania,Abastania,India,India,25,,Wetlands/Swamps/Marshes,Hot Semi-arid,2,6,No port,Yes,River,No,OK,"Farm6, wetlands, hot_semi_arid, rivertrade, irrigation_river",,,,,,,
Kounindapolis,Kounindapolis,India,North India,Kounindia,Kounindia,India,India,25,,Forest,Monsoon,1,7,No port,No,River,Yes,OK,"Farm7, forest, monsoon, irrigation_river",,,,,,,
Alexandreia-Sogdia,Alexandreia-Sogdia,India,South India,Sogdia-Indos,Sogdia-Indos,India,India,25,,Floodplains/Delta,Arid,-1,10,No port,Yes,River,No,OK,"Farm10, floodplains_delta, arid, rivertrade, irrigation_river",,,,,,,
,Kodrana,India,South India,,Hesperos_India,India,India,25,Not in Main Map,,,,,,,,,,#N/A,,,,,,,
Antachara,Antachara,India,South India,Chatriaia,Chatriaia,India,India,25,,Desert,Arid,1,2,No port,Yes,No,No,OK,"Farm2, desert, arid, rivertrade",,,,,,,
Aristobathra,Aristobathra,India,South India,Mousikania,Mousikania,India,India,25,,Floodplains/Delta,Arid,1,12,No port,Yes,River,No,OK,"Farm12, floodplains_delta, arid, rivertrade, irrigation_river",,,,,,,
Binagara,Binagara,India,South India,Portikania,Portikania,India,India,25,,Floodplains/Delta,Hot Semi-arid,1,13,No port,Yes,River,No,OK,"Farm13, floodplains_delta, hot_semi_arid, rivertrade, irrigation_river",,,,,,,
Bardaxema,Bardaxema,India,South India,Syrastrene,Syrastrene,India,India,25,,Steppe,Arid,0,5,Trade Port,No,River,No,OK,"Farm5, steppe, arid, base_port_level_1, irrigation_river","fishing port is inland, on current map",,,,,,
Sambalake,Sambalake,India,South India,Prasiake,Prasiake,India,India,25,Last Cut,,,,,,,,,,#N/A,,,,,,,
Batankaissara,Batankaissara,India,Central India,Daitichaia,Daitichaia,India,India,25,Last Cut,,,,,,,,,,#N/A,,,,,,,
Persakra,Persakra,India,Central India,Anichaia,Anichaia,India,India,25,Last Cut,,,,,,,,,,#N/A,,,,,,,
Sydros,Sydros,India,South India,Abiria,Abiria,India,India,25,Last Cut,,,,,,,,,,#N/A,,,,,,,
Alexandrou Limen,Alexandrou Limen,India,South India,Arbiesia,Arbiesia,India,India,25,,Hills,Hot Semi-arid,0,4,Shipwright,No,No,No,OK,"Farm4, hills, hot_semi_arid, base_port_level_2",,,,,,,
Kokala,Kokala,India,South India,Notia_Oreitaia,Notia_Oreitaia,India,India,25,Last Cut,,,,,,,,,,#N/A,,,,,,,
The Road to Methora,The Road to Methora,India,South India,The_Road_to_Methora,The_Road_to_Methora,India,India,25,,Forest,Monsoon,1,7,No port,Yes,River,No,OK,"Farm7, forest, monsoon, rivertrade, irrigation_river",,,,,,,
The Road to Palibothra,The Road to Palibothra,India,North India,The_Road_to_Palibothra,The_Road_to_Palibothra,India,India,25,,Forest,Monsoon,0,6,No port,No,River,No,OK,"Farm6, forest, monsoon, irrigation_river",,,,,,,
EAST STEPPES,,,,,,,,,,,,,,,,,,,,,,,,,,
Chorasmia,Chorasmia,Steppes,eastern steppes,Chorasmene,Chorasmene,East Steppes,East Steppes,26,,Floodplains/Delta,Arid,-2,9,No port,No,River,No,OK,"Farm9, floodplains_delta, arid, irrigation_river",,,,,,,
Nisa,Nisa,Persia,East Persia,Nisaia,Nisaia,East Steppes,Persia,23,Wrong Area,Steppe,Hot Semi-arid,2,6,No port,No,Aquifer,Yes,OK,"Farm6, steppe, hot_semi_arid, irrigation_aquifer",,,,,,,
Tsats,Tsats,Steppes,eastern steppes,Tsatsene,Tsatsene,East Steppes,East Steppes,26,,Grassland,Continental,0,8,No port,No,River,No,OK,"Farm8, grassland, continental, irrigation_river",,,,,,,
Talats,Talats,Steppes,eastern steppes,Talatsia,Talatsia,East Steppes,East Steppes,26,Last Cut,,,,,,,,,,#N/A,REBORDER,,,,,,
Sakon Taphai,Sakon Taphai,Steppes,eastern steppes,Sakaia,Sakaia,East Steppes,East Steppes,26,,Mountain Valley,Cold Semi-arid,0,7,No port,No,River,No,OK,"Farm7, mountain_valley, cold_semi_arid, irrigation_river",,,,,,,
Amyrgion Kome,Amyrgion Kome,Steppes,eastern steppes,Amyrgia,Anatolike_Amyrgia,East Steppes,East Steppes,26,New Name Change,River Valley,Continental,2,11,No port,No,River,Yes,OK,"Farm11, river_valley, continental, irrigation_river",,,,,,,
Thyssageton Taphai,Thyssageton Taphai,Steppes,Far north,Thyssagetaia-Iyrkaia,Thyssagetaia,East Steppes,Steppes,15,New Name Change,Forest,Sub-artic,1,4,No port,No,River,No,OK,"Farm4, forest, sub_artic, irrigation_river",,,,,,,
Parnon Taphai,Parnon Taphai,Steppes,eastern steppes,Parnia,Parnia,East Steppes,East Steppes,26,,Desert,Arid,1,2,Needs Harbour,No,No,No,OK,"Farm2, desert, arid, base_port_level_0",,,,,,,
Massageton Taphai,Massageton Taphai,Steppes,eastern steppes,Massagetaia,Massagetaia,East Steppes,East Steppes,26,,Steppe,Cold Semi-arid,-1,5,No port,No,River,No,OK,"Farm5, steppe, cold_semi_arid, irrigation_river",,,,,,,
Iyrkon Taphai,Iyrkon Taphai,Steppes,Far north,Iyrkaia,Iyrkaia,East steppes,Steppes,15,Last Cut,,,,,,,,,,#N/A,,,,,,,
Issedonon Taphai,Issedonon Taphai,Steppes,Far north,Issedonia,Issedonia,East Steppes,Steppes,15,Wrong Area,Forest,Sub-artic,-1,2,No port,No,River,No,OK,"Farm2, forest, sub_artic, irrigation_river",,,,,,,
Sakaraulon Taphai,Sakaraulon Taphai,Steppes,eastern steppes,Sakaraulia,Sakaraulia,East Steppes,East Steppes,26,,Steppe,Cold Semi-arid,0,6,No port,No,Lake,No,OK,"Farm6, steppe, cold_semi_arid, irrigation_lake",,,,,,,
Anatolon Skython Taphai,Anatolon Skython Taphai,Steppes,eastern steppes,Anatolike_Skythia,Anatolike_Skythia,East Steppes,East Steppes,26,,Steppe,Continental,0,5,No port,No,River,No,OK,"Farm5, steppe, continental, irrigation_river",,,,,,,
Argippon Taphai,Argippon Taphai,Steppes,Far north,Argippaia,Argippaia,East Steppes,Steppes,15,Wrong Area,Grassland,Sub-artic,-1,5,No port,No,River,No,OK,"Farm5, grassland, sub_artic, irrigation_river",,,,,,,
Alikodra,Alikodra,Steppes,eastern steppes,Boreia_Chorasmene,Boreia_Chorasmene,East Steppes,East Steppes,26,,Wetlands/Swamps/Marshes,Arid,2,5,No port,No,River,No,OK,"Farm5, wetlands, arid, irrigation_river",,,,,,,
Chomara,,,,Hesperos_Chorasmene,,East Steppes,,26,Missing in Alt,Steppe,Arid,1,6,No port,No,River,No,OK,"Farm6, steppe, arid, irrigation_river",,,,,,,
Paron Taphai,Paron Taphai,Steppes,eastern steppes,Paria,Paria,East Steppes,East Steppes,26,Last Cut,,,,,,,,,,#N/A,,,,,,,
Xandon Taphai,Xandon Taphai,Steppes,eastern steppes,Xandia-Paria,Xandia,East Steppes,East Steppes,26,New Name Change,Desert,Arid,0,1,No port,No,No,No,OK,"Farm1, desert, arid",,,,,,,
Attason Taphai,Attason Taphai,Steppes,eastern steppes,Attasia,Attasia,East Steppes,East Steppes,26,,Desert,Arid,-1,2,No port,No,River,No,OK,"Farm2, desert, arid, irrigation_river",,,,,,,
Apasiakon Taphai,Apasiakon Taphai,Steppes,eastern steppes,Apasiakaia,Apasiakaia,East Steppes,East Steppes,26,,Desert,Arid,0,1,Needs Harbour,No,No,No,OK,"Farm1, desert, arid, base_port_level_0",,,,,,,
Amyrgon Taphai,,,,Amyrgia,,East Steppes,,26,Last Cut,,,,,,,,,,#N/A,REBORDER,,,,,,
TARIM BASIN,,,,,,,,,,,,,,,,,,,,,,,,,,
Kasia,Kasia,Steppes,Tarim Basin,Kasiane,Kasiane,Tarim Basin,Tarim Basin,27,,Mountain Valley,Arid,0,6,No port,No,River,Yes,OK,"Farm6, mountain_valley, arid, irrigation_river",,,,,,,
Auxakia,,,,Auxakitis,,Tarim Basin,,27,Missing in Alt,Mountain Valley,Arid,-1,3,No port,No,Aquifer,Yes,OK,"Farm3, mountain_valley, arid, irrigation_aquifer",,,,,,,
Soita,Soita,Steppes,Tarim Basin,Achasa,Achasa,Tarim Basin,Tarim Basin,27,,Steppe,Arid,1,6,No port,No,River,Yes,OK,"Farm6, steppe, arid, irrigation_river",,,,,,,
Chaurana,Chaurana,Steppes,Tarim Basin,Chaurania,Chaurania,Tarim Basin,Tarim Basin,27,,Desert,Arid,2,5,No port,No,River,Yes,OK,"Farm5, desert, arid, irrigation_river",,,,,,,
Qamnur,Qamnur,Steppes,Tarim Basin,Ottorochora,Ottorochora,Tarim Basin,Tarim Basin,27,,Desert,Arid,0,3,No port,No,Oasis,No,OK,"Farm3, desert, arid, irrigation_oasis",,,,,,,
Kushi,Kushi,Steppes,Tarim Basin,Gusan,Gusan,Tarim Basin,Tarim Basin,27,,Desert,Arid,0,3,No port,No,River,Yes,OK,"Farm3, desert, arid, irrigation_river",,,,,,,
Arshi,Arshi,Steppes,Tarim Basin,Agni,Agni,Tarim Basin,Tarim Basin,27,,Mountain Valley,Cold Semi-arid,-2,5,No port,No,Lake,Yes,OK,"Farm5, mountain_valley, cold_semi_arid, irrigation_lake",,,,,,,
Kadota,Kadota,Steppes,Tarim Basin,Tsendzot,Tsendzot,Tarim Basin,Tarim Basin,27,,Desert,Arid,0,1,No port,No,No,No,OK,"Farm1, desert, arid",,,,,,,
Lithinos Pyrgos,,,,Toornaia,,Tarim Basin,,27,Missing in Alt,Mountains,Alpine,1,3,No port,No,River,Yes,OK,"Farm3, mountains, alpine, irrigation_river",,,,,,,
Qudsril,,,,Qudsrilqak,,Tarim Basin,,27,Missing in Alt,Steppe,Arid,-1,4,No port,No,River,No,OK,"Farm4, steppe, arid, irrigation_river",,,,,,,
Qagranqok,,,,Snergaks,,Tarim Basin,,27,Missing in Alt,Steppe,Arid,0,3,No port,No,Aquifer,Yes,OK,"Farm3, steppe, arid, irrigation_aquifer",,,,,,,
Numden,Numden,Steppes,Tarim Basin,Kamuk,Kamuk,Tarim Basin,Tarim Basin,27,,Desert,Arid,1,4,No port,No,River,Yes,OK,"Farm4, desert, arid, irrigation_river",,,,,,,
Mpraysnrar,,,,Mpraysnrarqak,,Tarim Basin,,27,Missing in Alt,Desert,Arid,1,2,No port,No,No,Yes,OK,"Farm2, desert, arid",,,,,,,
Nroyso,,,,Nroysoqak,,Tarim Basin,,27,Missing in Alt,Mountain Valley,Arid,0,4,No port,No,Aquifer,Yes,OK,"Farm4, mountain_valley, arid, irrigation_aquifer",,,,,,,
Qudsdoqok,,,,Qudsdo,,Tarim Basin,,27,Missing in Alt,Mountain Valley,Cold Semi-arid,-2,5,No port,No,River,Yes,OK,"Farm5, mountain_valley, cold_semi_arid, irrigation_river",,,,,,,
Bariyqok,Bariyqok,Steppes,Tarim Basin,Bariy,Bariy,Tarim Basin,Tarim Basin,27,,Mountains,Alpine,0,2,No port,No,River,Yes,OK,"Farm2, mountains, alpine, irrigation_river",,,,,,,
TERRA INCOGNITA,,,,,,,,,,,,,,,,,,,,,,,,,,
,Jorellafopolis,Terra Incognita,,,Eremos,Terra Incognita,Terra Incognita,28,,,,,,,,,,,,,,,,,,
,Moscaflacopolis,Terra Incognita,,,Terra_Incognita,Terra Incognita,Terra Incognita,28,,,,,,,,,,,,,,,,,,
,,,,,,,,,,,,,old values can't apply formula to filled in cells as that would not count the offsets missing here,,,,,,,,,,,,,
,,,,,,,,,,,,,,,,,,,,,,,,,,
,,,,,,,,,,,,Offset,Scoring,Natural max port level,Answer,Irrigation (accesible fresh water),,,,,,,,,,
,,,,,,,,,,,,-2,-1,Needs Harbour,Yes,Lake,,,,,,,,,,
,,,,,,,,,,,,-1,0,Trade Port,No,River,,,,,,,,,,
,,,,,,,,,,,,0,1,Shipwright,,Oasis,,,,,,,,,,
,,,,,,,,,,,,1,,Dockyard,,Other,,,,,,,,,,
,,,,,,,,,,,,2,,No port,,No,,,,,,,,,,
,,,,,,,,,,,,,,,,Springs,,,,,,,,,,
,,,,,,,,,,,,,,,,Aquifer,,,,,,,,,,
,,,,,,,,,,,,,,,,,,,,,,,,,,
,,,,,,,,,,,,,,,,,,,,,,,,,,
,,,,,,,,,,,,,,,,,,,,,,,,,,
,,,,,,,,,,,,,,,,,,,,,,,,,,
,,,,,,,,,,,,,,,,,,,,,,,,,,
,,,,,,,,,,,,,,,,,,,,,,,,,,
,,,,,,,,,,,,,,,,,,,,,,,,,,
,,,,,,,,,,,,,,,,,,,,,,,,,,
,,,,,,,,,,,,,,,,,,,,,,,,,,
,,,,,,,,,,,,,,,,,,,,,,,,,,
,,,,,,,,,,,,,,,,,,,,,,,,,,
,,,,,,,,,,,,,,,,,,,,,,,,,,
,,,,,,,,,,,,,,,,,,,,,,,,,,
,,,,,,,,,,,,,,,,,,,,,,,,,,
,,,,,,,,,,,,,,,,,,,,,,,,,,
,,,,,,,,,,,,,,,,,,,,,,,,,,
,,,,,,,,,,,,,,,,,,,,,,,,,,
,,,,,,,,,,,,,,,,,,,,,,,,,,
,,,,,,,,,,,,,,,,,,,,,,,,,,
,,,,,,,,,,,,,,,,,,,,,,,,,,
,,,,,,,,,,,,,,,,,,,,,,,,,,
,,,,,,,,,,,,,,,,,,,,,,,,,,
,,,,,,,,,,,,,,,,,,,,,,,,,,
,,,,,,,,,,,,,,,,,,,,,,,,,,
,,,,,,,,,,,,,,,,,,,,,,,,,,
,,,,,,,,,,,,,,,,,,,,,,,,,,
,,,,,,,,,,,,,,,,,,,,,,,,,,
,,,,,,,,,,,,,,,,,,,,,,,,,,
,,,,,,,,,,,,,,,,,,,,,,,,,,
,,,,,,,,,,,,,,,,,,,,,,,,,,
,,,,,,,,,,,,,,,,,,,,,,,,,,
,,,,,,,,,,,,,,,,,,,,,,,,,,
,,,,,,,,,,,,,,,,,,,,,,,,,,
,,,,,,,,,,,,,,,,,,,,,,,,,,
,,,,,,,,,,,,,,,,,,,,,,,,,,
,,,,,,,,,,,,,,,,,,,,,,,,,,
,,,,,,,,,,,,,,,,,,,,,,,,,,
,,,,,,,,,,,,,,,,,,,,,,,,,,
,,,,,,,,,,,,,,,,,,,,,,,,,,
,,,,,,,,,,,,,,,,,,,,,,,,,,
,,,,,,,,,,,,,,,,,,,,,,,,,,
,,,,,,,,,,,,,,,,,,,,,,,,,,
